accountIdentifier,principal,numberOfOwnedNFTs,ownedNFTs,ownedNFTsVisible,minted,numberOfMintedNFTs,mintedNFTs,mintedNFTsVisible,mintValueICP,sold,numberOfSoldNFTs,soldNFTs,soldNFTsVisible,sellValueICP,bought,numberOfBoughtNFTs,boughtNFTs,boughtNFTsVisible,buyValueICP,listings,numberOfListedNFTs,listedNFTs,listedNFTsVisible,minListingPriceICP,collectionName,collectionCanisterId
077f04f2dd26eec39704fc4595c565463568a637c288be49f0586b03f95431a6,j3du3-7wjyt-ovgje-cimy6-uqhzm-uiipz-2qe3z-fbeaw-khms7-sygz4-pae,11,33;98;147;51;100;405;85;326;74;379;159,34;99;148;52;101;406;86;327;75;380;160,false,0,,,0,false,0,,,0,false,0,,,0,false,0,,,0,Catalyze,gksxm-waaaa-aaaao-aapjq-cai
5b2573757332d82425c864d1e23b1142d82b43d619196132a5b4564d75710111,fe4bw-nhvfn-5seks-dgxoi-r76m7-la2k7-ngzqt-kl5as-pruls-a3muz-lae,8,272;144;388;389;71;393;394;380,273;145;389;390;72;394;395;381,false,0,,,0,false,0,,,0,true,5,144;388;389;393;394,145;389;390;394;395,410,false,0,,,0,Catalyze,gksxm-waaaa-aaaao-aapjq-cai
4d7cd1a1268213075216ac487b3c293a5077aeeb8362efc041d230a8eb96bbad,zmfzs-vgs67-rxz3v-7y2uw-dk75f-fheht-4wuo4-72ddc-pbs7x-6mr5l-aae,8,160;225;418;229;314;124;349;157,161;226;419;230;315;125;350;158,false,0,,,0,false,0,,,0,true,8,160;225;418;229;314;124;349;157,161;226;419;230;315;125;350;158,304,false,0,,,0,Catalyze,gksxm-waaaa-aaaao-aapjq-cai
5dd1943d29e31697288d07b1d85eed3be8e828c2668ad0291336d9b956ed91e2,6vr5o-ux2vh-rom5y-aidmq-qjcaj-rmqbw-genxy-umpf4-v3rjk-t26a5-7ae,7,338;324;391;216;412;302;158,339;325;392;217;413;303;159,false,0,,,0,false,0,,,0,true,2,216;158,217;159,62,false,0,,,0,Catalyze,gksxm-waaaa-aaaao-aapjq-cai
d2eee1bf288b7c42357ee6318f86aa5e4d1a6d58171c12bf773e3b9213a5542f,mds2d-xyy33-jqqyc-ltcw6-g6rvj-6dr4u-qp62e-737rb-uetma-rt7o4-5qe,6,257;259;311;247;235;191,258;260;312;248;236;192,false,0,,,0,false,0,,,0,true,6,257;259;311;247;235;191,258;260;312;248;236;192,180.59999999,true,1,311,312,89,Catalyze,gksxm-waaaa-aaaao-aapjq-cai
ffa8c0252106d9a545f04b065dd6a6b738e2d271b59fda14ea75cf540056fb71,udmjf-fyc6j-f7dnl-dw5bh-hh4wg-ln7iy-36pgp-mjocm-my4vc-r2irg-2ae,6,304;371;339;375;330;331,305;372;340;376;331;332,false,0,,,0,false,0,,,0,false,0,,,0,false,0,,,0,Catalyze,gksxm-waaaa-aaaao-aapjq-cai
c9050b4884be2b9045be8cbb4157b19160775cad17dd9641df0c7740c7815626,kxetu-w5chs-o4tzs-tvkgr-d3cpo-37mop-2ayyv-ogc5x-r6ufy-nmkco-fae,6,64;162;261;280;395;238,65;163;262;281;396;239,false,0,,,0,false,0,,,0,true,1,261,262,18.98,true,2,64;162,65;163,30,Catalyze,gksxm-waaaa-aaaao-aapjq-cai
c75fe787358afb58a91da76436fec66f97ca6fde4d471c5ff189e620908eb704,xue6w-y427b-j2ygw-tbduo-daj2n-s3brb-kpqql-wusyk-4o4ls-ihd2g-uae,5,192;112;72;153;171,193;113;73;154;172,false,0,,,0,false,0,,,0,false,0,,,0,false,0,,,0,Catalyze,gksxm-waaaa-aaaao-aapjq-cai
6930ca7d16a632e271197e5e42ec523c07e2ae4eef5a4bb97ee795d0a9b6a2f7,ne7kl-gpbub-bzqox-jepql-fiffs-lltfm-as5vy-3zfnj-m63nc-xlmzm-yqe,5,145;323;341;343;91,146;324;342;344;92,false,0,,,0,false,0,,,0,false,0,,,0,false,0,,,0,Catalyze,gksxm-waaaa-aaaao-aapjq-cai
a5e41ca2229be8435e1bf274b7cd972343abe24f801c36efae7fc2e17817506f,dq6mg-eoyn2-jge6b-5w3qr-7a2zl-7ic7d-zrvrs-edvve-5mxxl-cez4k-kqe,5,52;327;120;237;93,53;328;121;238;94,false,0,,,0,false,0,,,0,false,0,,,0,true,1,93,94,37,Catalyze,gksxm-waaaa-aaaao-aapjq-cai
96b97086ad880f1ad15c81f5ba6f35b6e7b8f02c16ca0f5ff051c91567afe8ec,g4t3m-xo4ls-pjtgk-627ou-esc5w-dgxkq-n43ay-4lqwn-my2o5-ql7yt-kqe,5,81;274;309;24;44,82;275;310;25;45,false,0,,,0,false,0,,,0,true,2,81;24,82;25,24.5,true,5,81;274;309;24;44,82;275;310;25;45,33,Catalyze,gksxm-waaaa-aaaao-aapjq-cai
439f5b44cbe53d30563760c1a3908c90ce7fdeeea1c31bdc33a86f899c2ca36b,6sicu-gkfvn-5pkgl-z72ae-xs7dq-p252e-g42hi-hosap-wxddd-breoj-iqe,5,384;404;411;397;398,385;405;412;398;399,false,0,,,0,false,0,,,0,false,0,,,0,false,0,,,0,Catalyze,gksxm-waaaa-aaaao-aapjq-cai
98d4009daf774ea5c32ef246f1e4202d404c01051346bda0c08cc5d5cff6cc3d,t7lfn-iu3jt-cumz6-4eg2w-v7k5v-on6x6-4q54y-kdwwd-esoxq-3riqe-bae,4,244;119;232;8,245;120;233;9,false,0,,,0,true,2,205;174,206;175,60.5,true,5,244;119;8;232;205,245;120;9;233;206,65.88,false,0,,,0,Catalyze,gksxm-waaaa-aaaao-aapjq-cai
1e08685b4a1b6754ccfb91df615fe1389686fd11a0ba411ed68f7b61c04d84f3,ko5b6-tlhhq-6zb54-pmzts-igcuh-xrxd5-b5t3v-jio75-uhejk-57jzi-yqe,4,97;101;295;215,98;102;296;216,false,0,,,0,false,0,,,0,false,0,,,0,true,1,101,102,28,Catalyze,gksxm-waaaa-aaaao-aapjq-cai
fdfcd426ed40aac519af2be3a4c100af527fd5c6e723af5969c0facaa408e0e7,yvoly-quzkf-2gcag-4s4cs-njcy5-7wlom-pxmvb-3crhc-mi2lp-n5rbq-nqe,3,256;122;205,257;123;206,false,0,,,0,false,0,,,0,true,2,256;205,257;206,52.5,false,0,,,0,Catalyze,gksxm-waaaa-aaaao-aapjq-cai
2df570786eb1c8d2146b4f5faf6bb01d8d7e375a12d4dcc9edeb57b21750aaf0,alqay-pegcz-ig54p-t677z-7ojmn-ij7jl-fglh4-zqbib-cm5t2-pbu7d-gqe,3,176;184;254,177;185;255,false,0,,,0,false,0,,,0,false,0,,,0,false,0,,,0,Catalyze,gksxm-waaaa-aaaao-aapjq-cai
f6f52e57cb178063899b8b6518aebe700ca724576a6da6f30f4eadf9f5b591e4,r6zjy-6gsgj-4qrvz-hytyf-6oliy-3fvza-xdyph-ntid7-bwjjy-rzz6y-dae,3,198;150;255,199;151;256,false,0,,,0,false,0,,,0,false,0,,,0,false,0,,,0,Catalyze,gksxm-waaaa-aaaao-aapjq-cai
3b08035c106d20549fe088c05fba318a4c9d83f2b5323e8d26b465adb4a9dd6e,bqgnr-xh6u5-e5vue-efrv5-yg32t-tjlut-iloex-t5ts3-fvefu-2em23-pqe,3,17;217;189,18;218;190,false,0,,,0,false,0,,,0,false,0,,,0,true,2,217;189,218;190,34,Catalyze,gksxm-waaaa-aaaao-aapjq-cai
e7a88cd8c5fa82c45470c0bd87f8eb1b297c9824eaa496bcb5b92e0db3935b63,,3,370;282;396,371;283;397,false,0,,,0,false,0,,,0,true,2,370;282,371;283,139,false,0,,,0,Catalyze,gksxm-waaaa-aaaao-aapjq-cai
e0bd4d2ff0b297b737e5ff3b72c63b051ef79c5a53f08eb7ac601355f4ccb9ea,h2kbq-weaft-tvrm6-plojn-ahs5w-jnjdh-oe2kw-qovfi-air7r-jnovv-5qe,3,355;358;127,356;359;128,false,0,,,0,false,0,,,0,false,0,,,0,false,0,,,0,Catalyze,gksxm-waaaa-aaaao-aapjq-cai
a555c4f1e300d5b8b8275c29ff9a8e06f746ed736edef52ecf2debf65f065e36,kz54o-sk4wb-wyxxj-fdjfx-4n3gg-egnus-jd4ck-6g7bm-elr77-xc3en-4qe,3,65;194;260,66;195;261,false,0,,,0,false,0,,,0,false,0,,,0,false,0,,,0,Catalyze,gksxm-waaaa-aaaao-aapjq-cai
990bb0045ac9592016a7dd0156d5886aa7f5f7f0dd170bebc32e0047d27140e6,zxouk-syhgm-ucgnj-5n4e3-cgj6n-oby6a-vl63f-z75qd-jncmc-hmtr5-2qe,3,213;344;361,214;345;362,false,0,,,0,false,0,,,0,false,0,,,0,false,0,,,0,Catalyze,gksxm-waaaa-aaaao-aapjq-cai
bcc8b08a9b68038d4bc3ed26fd5c9a96dc533b57e8a848e7aa627d0d79404a8d,g57a4-ksppd-oaye5-3lfpq-4kjqe-yshzb-ei4jv-srv63-e2mlb-ozvrc-xae,3,195;103;14,196;104;15,false,0,,,0,false,0,,,0,true,3,195;103;14,196;104;15,54.19999999,true,1,14,15,32,Catalyze,gksxm-waaaa-aaaao-aapjq-cai
44e08c43ac97517655a5dfe4cb2a4fd3b83a1f6f2184bb15e75c75f20be506fe,k3bzp-fsjc6-i2cy3-mqool-tl4zq-tlrcj-za5h3-bmqbz-mkjev-ywgbw-fqe,3,409;12;286,410;13;287,false,0,,,0,false,0,,,0,false,0,,,0,true,1,286,287,88,Catalyze,gksxm-waaaa-aaaao-aapjq-cai
6a6c46eb17037e595d258539da53d1e6a9f783b9c2aa4fb0a61b0e0150d8095d,jt2n6-ckxw3-vpzsb-5o5wj-gec3x-myeg7-snky3-4f5rc-ijvan-c2qfs-uae,3,136;139;47,137;140;48,false,0,,,0,false,0,,,0,true,1,139,140,27,false,0,,,0,Catalyze,gksxm-waaaa-aaaao-aapjq-cai
92dcddeb807e337aa73a44b1dabe7f4734cd694e921dd26bd07e381001d824c2,sketn-32g6k-hdzfd-fvkx6-jqzkf-vk246-kf6cz-cjvrp-wgvcf-7aloo-6qe,2,385;383,386;384,false,0,,,0,false,0,,,0,false,0,,,0,true,2,385;383,386;384,150,Catalyze,gksxm-waaaa-aaaao-aapjq-cai
bb41116cb5e9ad9172c5b5cfedae58c5d178dad05a9d1ee8205d005dc9d7f6df,vukz5-chagn-4bxa6-7ralf-jvmkp-nrepy-vsehz-wcy62-jsq6a-ym2vj-uqe,2,148;318,149;319,false,0,,,0,false,0,,,0,false,0,,,0,false,0,,,0,Catalyze,gksxm-waaaa-aaaao-aapjq-cai
ec88534f0aae86bb92be63703818c2fddbff03178d471f5ddf065f98d253effe,rqjzd-bg2vw-pmzvo-fk45m-lkqot-bwjfb-eejwr-dtbsg-ww6uq-rc6lm-nae,2,165;7,166;8,false,0,,,0,false,0,,,0,false,0,,,0,false,0,,,0,Catalyze,gksxm-waaaa-aaaao-aapjq-cai
656473a769f2a7cc752e92321e18dc7ef933f7691585f368af87feaa7411e80c,4bdyr-nnvke-24266-zktr7-tz4pv-h4vuc-7vrel-lq5go-ewhmc-3gjv4-tqe,2,381;319,382;320,false,0,,,0,false,0,,,0,false,0,,,0,false,0,,,0,Catalyze,gksxm-waaaa-aaaao-aapjq-cai
901ce5b6d85e4ecb39b43e8e50e495c70144dc35ff5ac42fde198cc776e7249e,zexru-gfxov-725fh-uvc5l-az7ut-gsuqu-q2pvi-jtw57-ppaxg-7tu2n-tqe,2,403;329,404;330,false,0,,,0,false,0,,,0,true,1,403,404,105,false,0,,,0,Catalyze,gksxm-waaaa-aaaao-aapjq-cai
b4be27cac04a4e2b2e90ca2f55e033092edf53a67a7ed228044eddb3726eb24f,6c34y-uyyhj-ekco6-w23zl-2jta7-m5yor-cg5nr-nb43y-odyzy-iy67g-lqe,2,102;207,103;208,false,0,,,0,false,0,,,0,false,0,,,0,false,0,,,0,Catalyze,gksxm-waaaa-aaaao-aapjq-cai
c43278d9070d0b78377a05ec89f240931fca99df4f3a81441b3f1638e9d858a3,goeb5-yaqhv-que5m-2zv6r-pfcsj-wtvwd-zdajr-5vfkv-oh636-a5dnn-yqe,2,299;414,300;415,false,0,,,0,false,0,,,0,false,0,,,0,false,0,,,0,Catalyze,gksxm-waaaa-aaaao-aapjq-cai
67759d98cf74aa6564330071dd1da98cc6ab5b93435f510fd7bd85c08af8eade,,2,129;172,130;173,false,0,,,0,false,0,,,0,false,0,,,0,false,0,,,0,Catalyze,gksxm-waaaa-aaaao-aapjq-cai
2721ccf6d3e04a053bbb656276ad9e16ca8eb720bd36a18254fc3a91c136c743,6qqy5-ezecq-mc74e-6f2yp-ffev4-trqxv-uafjy-quagq-otlfj-ab453-hqe,2,313;335,314;336,false,0,,,0,false,0,,,0,false,0,,,0,false,0,,,0,Catalyze,gksxm-waaaa-aaaao-aapjq-cai
a4964f45f3c50c80c38c16dec0994f3823085700feca1614ca210d63571cebc9,qkqzj-tawqg-6yaqn-ju2a5-fcnut-i5jkl-or4vb-cvz3p-yb5yl-ca53h-dqe,2,288;25,289;26,false,0,,,0,false,0,,,0,false,0,,,0,false,0,,,0,Catalyze,gksxm-waaaa-aaaao-aapjq-cai
187fbe5bdf38869c80d207a8df44b38f5a4f9a7378b5c779684fbe3b614673e9,qj23l-xpvio-avnrl-bhs7g-6ycm6-3zq46-2pg4x-hzhnh-uud5x-aw4q4-3qe,2,2;111,3;112,false,0,,,0,false,0,,,0,true,2,2;111,3;112,39.5,false,0,,,0,Catalyze,gksxm-waaaa-aaaao-aapjq-cai
66b5ebd2ac3e237480eef309399c3ba37cbc8c13f207a87a337d9b6d6165a956,dxyda-bakh5-7yo5p-s7kgy-wqb5q-lileb-aktwq-jilsk-2wvxs-c5pte-3qe,2,317;301,318;302,false,0,,,0,false,0,,,0,false,0,,,0,false,0,,,0,Catalyze,gksxm-waaaa-aaaao-aapjq-cai
85d95e71fa0e630cc0cd3e44546f5f8cf2291d6f8afe67af1ec61c0a88a9cfc4,ux3lc-vk5xq-ycx2o-4aeii-bfhns-4cbjr-vismz-citfg-herpq-ul66j-fqe,2,316;333,317;334,false,0,,,0,false,0,,,0,false,0,,,0,false,0,,,0,Catalyze,gksxm-waaaa-aaaao-aapjq-cai
cccd5643fa3b58f3abd3823c9adee75dbe2b114e19332a33131aead81e2b56b3,pjiej-45tz6-uut56-rilm4-fij5x-6c5ld-zfgcy-ege3c-osh35-oqlp6-oqe,2,369;387,370;388,false,0,,,0,true,2,349;14,350;15,66.39999999,true,4,369;387;349;14,370;388;350;15,216.12,false,0,,,0,Catalyze,gksxm-waaaa-aaaao-aapjq-cai
60262f93525e89e70bc1847e7af95dedd76196038b48f1f05b83717525ab4ff7,jcaqz-ub6yq-ryaho-5lgfx-ldvn5-mvtb7-g3yvf-cncec-l2aof-25q64-vqe,2,137;222,138;223,false,0,,,0,false,0,,,0,false,0,,,0,false,0,,,0,Catalyze,gksxm-waaaa-aaaao-aapjq-cai
c0450b82f96bf1683fe76d32315dfafec6e7b1dc2410cf99c6435bdc675eb4dc,mpis3-bdl4u-m3wzt-rmdwg-too5p-i3rnx-tvbip-nu5sk-letan-yw7oi-hae,2,246;140,247;141,false,0,,,0,false,0,,,0,false,0,,,0,false,0,,,0,Catalyze,gksxm-waaaa-aaaao-aapjq-cai
7da3c45ff8f9999074edc4e6e128503c200e8527d87bbd8cd9fb209f285f523d,,2,179;79,180;80,false,0,,,0,false,0,,,0,false,0,,,0,false,0,,,0,Catalyze,gksxm-waaaa-aaaao-aapjq-cai
863f94aa7236f6bcd8091c464653d1de809c878337c5d921dfc0bfbecbc5b43b,tq6sf-kylro-crse4-vxev4-l3myi-sqddc-xqssw-6jna4-wytn6-3hk6c-uae,2,212;63,213;64,false,0,,,0,false,0,,,0,false,0,,,0,false,0,,,0,Catalyze,gksxm-waaaa-aaaao-aapjq-cai
5cdc03ac412954d96d5556220b61024d2b163ffbf21b75b6ac9c104da313d862,zzdcv-okiiz-itsud-7fpy3-nq2kj-7at2a-ngqlf-pg7dq-twz4a-e6cau-tae,2,273;364,274;365,false,0,,,0,false,0,,,0,false,0,,,0,false,0,,,0,Catalyze,gksxm-waaaa-aaaao-aapjq-cai
673b5161f2c25acd9c08e7eb2f71bf12c24952d42b697e3b125fb5f32a7d89ff,,2,402;420,403;421,false,0,,,0,false,0,,,0,false,0,,,0,false,0,,,0,Catalyze,gksxm-waaaa-aaaao-aapjq-cai
2d00c735893f9746b8f42733f7beee397148becc06408788479ca5d4cef8a660,w3ede-go46i-q4kpz-5hmll-pxg6g-hyd6i-54gn6-lh3uf-3cdaa-2p3ss-yqe,2,305;345,306;346,false,0,,,0,false,0,,,0,false,0,,,0,false,0,,,0,Catalyze,gksxm-waaaa-aaaao-aapjq-cai
8c358247ce341b5794ff6e3f749c93465b10295e3155e522918b62ca8a4eb9e8,,2,37;104,38;105,false,0,,,0,false,0,,,0,false,0,,,0,false,0,,,0,Catalyze,gksxm-waaaa-aaaao-aapjq-cai
50945de9f85ec856c6a8ba4457c048da4f94a0b22878de6334d56f7678cd95f6,iv645-7sxnd-wm3rv-zgbdt-z3cei-4yobc-3o62b-rm227-fvdm5-355kc-qqe,2,289;407,290;408,false,0,,,0,false,0,,,0,false,0,,,0,false,0,,,0,Catalyze,gksxm-waaaa-aaaao-aapjq-cai
f6ce08d00a4c5d9df813c8bcfd1fd18987908b583d5145f783bf1b4133f12172,iibrg-cn5kl-jd4kg-6gzlq-g23g4-d7o46-tzjax-4qqun-dsdmg-6fpnk-dqe,2,226;75,227;76,false,0,,,0,false,0,,,0,false,0,,,0,false,0,,,0,Catalyze,gksxm-waaaa-aaaao-aapjq-cai
a73a2e4f357894473cf2cf5f072dfeda6660a36e700c482c3f82698fa09fdfac,2npbb-r54ks-3z2gh-vu3tn-2oyk6-uq2xn-vzsrb-s35x2-hl2tm-nelqk-bqe,2,346;334,347;335,false,0,,,0,false,0,,,0,false,0,,,0,false,0,,,0,Catalyze,gksxm-waaaa-aaaao-aapjq-cai
e581ce9afd53b62bdfe7e93673f9ad8cd436995d19053c84fa5457a5fbdd049d,a75cf-uk2mr-ihmei-nyc7a-jf7y4-atjp5-fftkq-rqvgm-uz3th-xqjpb-cae,2,116;84,117;85,false,0,,,0,false,0,,,0,false,0,,,0,true,1,116,117,27.2,Catalyze,gksxm-waaaa-aaaao-aapjq-cai
edd79de62be83a1d86b0aa99939d11d9f2c19b91e36532f51824a6891ccc2772,brlga-tr2nw-atdxg-irukn-q773m-3ukcz-fkm4z-dhbki-cpy7s-2gpox-3qe,2,400;399,401;400,false,0,,,0,true,2,418;318,419;319,168,true,2,418;318,419;319,144,false,0,,,0,Catalyze,gksxm-waaaa-aaaao-aapjq-cai
747740a07dcc529f2945181acc33735db0386d733be9504b0ffccf1f83787697,c6fug-t72wt-4gjlg-2wa4r-hjip6-travu-y4i3f-hogrx-qz4gq-ll5cw-mqe,2,340;342,341;343,false,0,,,0,false,0,,,0,false,0,,,0,false,0,,,0,Catalyze,gksxm-waaaa-aaaao-aapjq-cai
974c479ed62a3e2f3d7b6997b9769efaba7d1fb23fa769c004b220112a8a5311,,2,368;278,369;279,false,0,,,0,false,0,,,0,true,1,278,279,54,false,0,,,0,Catalyze,gksxm-waaaa-aaaao-aapjq-cai
6a82f7e8c2285591ccfd9c20ffdbd710f0f5186d1e0334d3b03f639e53f087ac,3cey4-x5hdl-6ar47-vzvne-bcgig-wbzih-e5bqe-r6nqc-ld362-xpo5o-6qe,2,357;374,358;375,false,0,,,0,false,0,,,0,false,0,,,0,false,0,,,0,Catalyze,gksxm-waaaa-aaaao-aapjq-cai
618857b7684de73928307aff1613207e550dec3a4e25885faf2e65796ce570ea,abnal-ojzrl-gtrbf-lwiko-zlhmw-y5g2n-rmcrk-gzixn-7skma-ca5el-eqe,2,132;365,133;366,false,0,,,0,false,0,,,0,false,0,,,0,false,0,,,0,Catalyze,gksxm-waaaa-aaaao-aapjq-cai
f147a8288a254a74b89cee32b0fd93f84071e07a512ef1da146c9b7f3d9e03f8,7ft3p-pvre5-sqar3-ahrn3-3iesy-khjds-bjcu5-oudcv-2kurv-hfi5e-4qe,2,167;204,168;205,false,0,,,0,false,0,,,0,false,0,,,0,true,2,167;204,168;205,25,Catalyze,gksxm-waaaa-aaaao-aapjq-cai
0e9c55e0a9d26c003eb9e12dce1a455e30d1826aa9e2be18b90b32514889e97e,i6y63-n76h6-g7i74-ri4sk-cacpy-r5vyh-a323i-giot4-talgz-5v23z-wae,2,240;58,241;59,false,0,,,0,false,0,,,0,false,0,,,0,false,0,,,0,Catalyze,gksxm-waaaa-aaaao-aapjq-cai
73591e1194e9080db061faafc0fa5956ef33c9002755303c185fff3aae49c3ff,fqipj-75sox-vxt3i-u5hmw-2qnop-laefx-n2k7x-fjhu3-djeld-vi4v2-xqe,2,376;268,377;269,false,0,,,0,false,0,,,0,false,0,,,0,false,0,,,0,Catalyze,gksxm-waaaa-aaaao-aapjq-cai
75d15325de0218c8d3a0f314a7104318f7a6a5fd309529afeb6c6da11e2a38fb,hvpmt-h53zb-nre3i-eulnm-yclsk-4dv43-euhsj-bgwrl-hpmxq-afa7j-6qe,1,4,5,false,0,,,0,false,0,,,0,false,0,,,0,false,0,,,0,Catalyze,gksxm-waaaa-aaaao-aapjq-cai
30ab3ce79014b51aef970bf57c38935c53aed1f8c7ed01d806610494d4ee4729,f2nj3-jtefx-xy4b5-pdfia-he3lj-2nbja-h3d2d-syyro-4piss-5ivqe-sqe,1,321,322,false,0,,,0,false,0,,,0,false,0,,,0,false,0,,,0,Catalyze,gksxm-waaaa-aaaao-aapjq-cai
d0c78408552551ae844b9ef7ed999b462fff86bd4bd0ba79c5cd2b8421496786,72w6b-7fhao-ncxep-bpqoi-ddftb-ba22l-mpjbc-3iriq-qojzl-euso5-wae,1,92,93,false,0,,,0,false,0,,,0,false,0,,,0,false,0,,,0,Catalyze,gksxm-waaaa-aaaao-aapjq-cai
88aff46cb91f39ecb3fee8b74d8568aea203ad95d70e44cf679c8abcc12d68c6,pc4dl-t7akh-67uh5-t4xfw-gbcpc-7xm3z-5rlst-pknug-x3hia-qploy-uqe,1,5,6,false,0,,,0,false,0,,,0,false,0,,,0,false,0,,,0,Catalyze,gksxm-waaaa-aaaao-aapjq-cai
344a205ea06716edf21467c194821647f7dc9e378f156c30830deacef7e4b62c,s7yrd-a5dyp-bdenk-ihz5q-bp2my-mgtrw-qogbd-pquy4-2nbrd-g7wpp-uae,1,250,251,false,0,,,0,false,0,,,0,false,0,,,0,false,0,,,0,Catalyze,gksxm-waaaa-aaaao-aapjq-cai
569c66b1ab7530ef553e85f97a2f792feab6c01d1f9754349d7505a18f8c02d1,3koij-epinf-36gxf-shgd6-p3u72-2baly-siaqo-rzvfn-uekjv-n35oh-jqe,1,156,157,false,0,,,0,false,0,,,0,false,0,,,0,false,0,,,0,Catalyze,gksxm-waaaa-aaaao-aapjq-cai
e5c4f8163c543ae03111d7c7cb3942e0fbf171679a9f1c4945675d11bf7068ab,m5fyh-zwnsp-cwwh2-bkt7c-7uqyc-t27vx-eerft-w6otd-em2vp-laaj2-sae,1,128,129,false,0,,,0,false,0,,,0,false,0,,,0,false,0,,,0,Catalyze,gksxm-waaaa-aaaao-aapjq-cai
99a8dfd2091cc89cfc573d6b29cc89f8740bae30d34dd3b55f8140580f18d216,,1,152,153,false,0,,,0,false,0,,,0,false,0,,,0,false,0,,,0,Catalyze,gksxm-waaaa-aaaao-aapjq-cai
44579774c2ebee2fd908ef636f0609479e6f5bf48a1ff7ef0e737031adae6dd7,lb4jl-utfao-hrfpw-qlyux-evp7u-ne472-g65zx-z2wkn-r54qt-lqnhf-jqe,1,31,32,false,0,,,0,false,0,,,0,false,0,,,0,false,0,,,0,Catalyze,gksxm-waaaa-aaaao-aapjq-cai
2bf0223d40e7936249192967f8867a10d40ccb53ad056ef10ceb8ddc42e66580,b24hx-tbai6-gkj35-rokzp-shnky-6steh-65a7l-4zt2u-ibduj-j6jhn-hae,1,303,304,false,0,,,0,false,0,,,0,false,0,,,0,false,0,,,0,Catalyze,gksxm-waaaa-aaaao-aapjq-cai
c29c482707e82551c58c136b457d7ef223cf460afb7a8c6df7c78084ed3f4456,entde-z4fjx-dnbz7-guu53-a5eik-ir65m-6siv3-zcz2g-efisn-zhz2c-rqe,1,283,284,false,0,,,0,false,0,,,0,false,0,,,0,false,0,,,0,Catalyze,gksxm-waaaa-aaaao-aapjq-cai
7242d25f3cb59e2cc5bd702c4a89c6c1b19a0c7571b555a68370b16ff18c37b3,,1,200,201,false,0,,,0,false,0,,,0,false,0,,,0,false,0,,,0,Catalyze,gksxm-waaaa-aaaao-aapjq-cai
b3440763715aaf1ca4ab24f8dad939387108e53f6360d5d6cf93d95296eb953d,6bx3d-ohuq4-ijn5h-dicsi-ue52e-ki4jc-4mkwa-umxzt-2c57m-aj73s-7qe,1,231,232,false,0,,,0,false,0,,,0,false,0,,,0,false,0,,,0,Catalyze,gksxm-waaaa-aaaao-aapjq-cai
9bf42abfbf5706c75eca0a1933794da90acece0cc26574db1e0d77258088fd8d,26kej-dehm5-qjdup-l2vfm-wq64i-c74xd-s42ir-fubap-gtqab-lfg7t-eae,1,312,313,false,0,,,0,false,0,,,0,false,0,,,0,false,0,,,0,Catalyze,gksxm-waaaa-aaaao-aapjq-cai
1b95a100cf091b472d2dacb92b1a70bad0d8ac9b8a08746fb761cd3fbd41d0f9,bmya5-26xxf-ec6lo-6xl2c-n3oov-yznda-henjr-pou62-c4et4-oe7ac-qae,1,115,116,false,0,,,0,false,0,,,0,false,0,,,0,false,0,,,0,Catalyze,gksxm-waaaa-aaaao-aapjq-cai
d1795d19da19987b3ec2dc081e548823e4d6cd3bcb66a8d04674a08685cc6d6d,6fq7x-eav67-zyvam-eubhr-epz5h-ukzyc-jbcs3-dcr24-yf47t-al2t4-6qe,1,209,210,false,0,,,0,false,0,,,0,false,0,,,0,false,0,,,0,Catalyze,gksxm-waaaa-aaaao-aapjq-cai
663ed5ef14d1ba189e32b01327679cad0c91ba7f3e9b70f64c59aa1fab10f012,zcdzz-oqzzp-h5bf7-wgtx7-gjy66-o56bk-ubmzu-pcpul-gbsoz-qvjpl-sae,1,13,14,false,0,,,0,false,0,,,0,false,0,,,0,false,0,,,0,Catalyze,gksxm-waaaa-aaaao-aapjq-cai
bd6971b5d84925f3fe84304c4f3864449a6c3658e18ed0d3700f52347c6b652c,wsj2q-ayw2l-wogod-sygnh-pwe4k-nu2r6-vie6v-dfyln-6sn6x-6i77s-xae,1,76,77,false,0,,,0,false,0,,,0,false,0,,,0,false,0,,,0,Catalyze,gksxm-waaaa-aaaao-aapjq-cai
07deaeb2a584aa38851e7ddecff3fbf75e7172f1e7c6a15ad01c317ee226f32e,ewi4d-jt5dc-m2izi-qspgh-bygjv-tecbp-mllv3-sd6ti-4frch-rxl6r-rae,1,110,111,false,0,,,0,true,1,159,160,14,true,1,159,160,10,true,1,110,111,40,Catalyze,gksxm-waaaa-aaaao-aapjq-cai
d651af51f5c7a7dfca439c5376b8f20865d0c4e40f4aaffac1852af2fe9826fc,chydn-hjxhq-t37qw-r3zsg-iabzl-yik6w-tbot7-lncyg-6sspq-kmre5-4qe,1,78,79,false,0,,,0,false,0,,,0,false,0,,,0,false,0,,,0,Catalyze,gksxm-waaaa-aaaao-aapjq-cai
bf431433f8194b04ad56c406b28dd55f84aea48a00c0b31b30e3a5cd0c667050,qbdss-bmsit-qdeef-nr5k6-khup6-dcww4-nxoh5-jfq7q-7vtvr-7ru72-lqe,1,202,203,false,0,,,0,false,0,,,0,false,0,,,0,false,0,,,0,Catalyze,gksxm-waaaa-aaaao-aapjq-cai
0185bff77e4a679f6559b469ab27e1f53fff4712d6477b5ec1be77a8f655f282,deyn2-2vbht-ctamp-sgirg-f42wt-iiwne-i5xi6-hqe33-ytzxi-fabcs-rae,1,83,84,false,0,,,0,false,0,,,0,false,0,,,0,false,0,,,0,Catalyze,gksxm-waaaa-aaaao-aapjq-cai
90df9cf1697818b7d08c5e68741065cd977b8ab691ebf4d3efd1ed24ca79265c,e2bbe-raaos-3m3s5-svf45-vguan-k6qiu-bn2uh-4o6og-fk72k-jjo4r-rae,1,46,47,false,0,,,0,false,0,,,0,false,0,,,0,true,1,46,47,30,Catalyze,gksxm-waaaa-aaaao-aapjq-cai
ddd00b429e89c00743ed519c194da04a9fb352810f2d96527d34ef7f076b425e,hmke6-ow4nh-d6vcl-zdrfa-3id2h-xa32g-cfsn7-i3hm5-o7kci-avsmm-gqe,1,11,12,false,0,,,0,false,0,,,0,false,0,,,0,false,0,,,0,Catalyze,gksxm-waaaa-aaaao-aapjq-cai
495f5ce737bc3824b1a4bf13076262102b2a1f99fc70379e15c5e14e4903f3fc,spvxv-rzdcv-tmcfi-g6gvk-be2dk-o2zue-belzi-2sttw-evacn-jex36-fqe,1,70,71,false,0,,,0,false,0,,,0,false,0,,,0,false,0,,,0,Catalyze,gksxm-waaaa-aaaao-aapjq-cai
0fc551357987a9380b6680e6a7675c2831b00c950ea6b7d3f9374ae5e94023fc,aprrw-j57e7-deysw-dmvfy-gh4ct-onv7f-3meei-xgm6u-jakm5-ej434-lqe,1,43,44,false,0,,,0,false,0,,,0,false,0,,,0,true,1,43,44,30,Catalyze,gksxm-waaaa-aaaao-aapjq-cai
2e9de1a32abc43e3fc43a687bfd21d8104f498c0ed7cb2f6d66ab68e9afecd6d,ry65e-53qtk-lg42a-xncff-evehp-ospwn-bfgyk-tiwgp-al65g-rjzq3-fae,1,328,329,false,0,,,0,false,0,,,0,false,0,,,0,false,0,,,0,Catalyze,gksxm-waaaa-aaaao-aapjq-cai
57914858ae8f0c600980ccc0c8dd228fadcdd5c13f6c14306c9eab2116f0d241,pcwi3-fknfl-2o55z-42g3z-rfqba-iylr6-uydh6-x2auc-cz6mx-ibggk-lae,1,297,298,false,0,,,0,false,0,,,0,false,0,,,0,false,0,,,0,Catalyze,gksxm-waaaa-aaaao-aapjq-cai
faab091f92298e5903c0e01318294eb2f6b2e7e7a0213ff413e01b7791c82e5e,4t6fk-sdlw3-5lavw-2d5wa-rp6d7-txoqo-n7yfd-nugkz-tkbdd-ithiv-hqe,1,298,299,false,0,,,0,false,0,,,0,false,0,,,0,false,0,,,0,Catalyze,gksxm-waaaa-aaaao-aapjq-cai
62403be4a9227638f55745891fea6c4aae851d0a46836fd799584c7ae0db5f03,e75gh-feqim-x6rfb-gdnrg-uw6xy-qfepr-aghwk-d4mnv-ydcjo-ktqlc-qae,1,141,142,false,0,,,0,false,0,,,0,false,0,,,0,true,1,141,142,40,Catalyze,gksxm-waaaa-aaaao-aapjq-cai
6f42224c2419d148b04e02964e55048757e78d21d3357f1ac8cb76f62e2502b1,74pqy-7kd5i-ot5zc-asvya-3add7-tbln2-duen4-fyzdz-c2g63-r4ckb-gqe,1,130,131,false,0,,,0,false,0,,,0,false,0,,,0,false,0,,,0,Catalyze,gksxm-waaaa-aaaao-aapjq-cai
401ffd548f234403afec4b3772a50687a4a0ff1aa3e5786a398a19b601b57577,2s6rb-y2idv-r4mal-tjthh-adoam-xy4vo-t3bfy-mm74e-y6hl5-yhbwd-kae,1,218,219,false,0,,,0,false,0,,,0,false,0,,,0,false,0,,,0,Catalyze,gksxm-waaaa-aaaao-aapjq-cai
ceb41b75c92e65870c669c389740b4bfb9ba021d4abc38c32ac2f39ffcf09b71,wh6ch-xnixb-x2seb-sgfo4-fep5c-oeckd-e5c7s-img5s-hv2gv-3icdr-5qe,1,413,414,false,0,,,0,false,0,,,0,true,1,413,414,88,false,0,,,0,Catalyze,gksxm-waaaa-aaaao-aapjq-cai
34906d7dcad4c799ef97f8e39a4e9f314b724fa16aeed36972198721824d22ee,qbfdc-z37ln-iqtft-ozeuk-felv5-fysrf-viwnh-hgnva-u4gzc-ry2yg-aae,1,177,178,false,0,,,0,false,0,,,0,false,0,,,0,false,0,,,0,Catalyze,gksxm-waaaa-aaaao-aapjq-cai
4db213a4c511a635235da06a60bd13d20ca1206dfe5ba7ee1c147cff0acae43a,ttjm3-63aiw-ddwya-p7gac-ozp7y-3ebcb-ggbqj-7q3nu-nsq5z-4qvsr-5ae,1,360,361,false,0,,,0,false,0,,,0,false,0,,,0,false,0,,,0,Catalyze,gksxm-waaaa-aaaao-aapjq-cai
3a2e338f062aa4f811649ef5e58de82ba7b19a71a86794c951e1750061d075ea,2o73v-z6uwz-cwi7x-mq4er-z4zpy-matmv-v4vmb-eirm2-s2anv-v6vup-cqe,1,0,1,false,0,,,0,false,0,,,0,false,0,,,0,false,0,,,0,Catalyze,gksxm-waaaa-aaaao-aapjq-cai
06548a6def7adfc895d47574067c0c6ae06d58624d8fd504ae066070968a8fe7,ifkdw-4q6fk-ysru5-qjqq5-s7muy-p4sn2-uq2tk-fm4ne-6obe2-ia6ql-oae,1,125,126,false,0,,,0,false,0,,,0,false,0,,,0,false,0,,,0,Catalyze,gksxm-waaaa-aaaao-aapjq-cai
42506163c317331b52429d961ae3e8b0851d6262b1e069c88740b0a7cca66ec3,miyut-tasxf-l2auo-cjmux-apiri-hdor3-es6yd-5hai5-gf3dj-aaamh-oae,1,60,61,false,0,,,0,false,0,,,0,false,0,,,0,true,1,60,61,32,Catalyze,gksxm-waaaa-aaaao-aapjq-cai
01ad0dc9d7611389658cac19a06193e01bcb1c76d8fc966d6347f864b82a0ad5,krrnd-gumng-xfzvp-afyjt-223pp-tqfso-5dz3x-5muao-zrf5u-llawt-gqe,1,199,200,false,0,,,0,false,0,,,0,false,0,,,0,false,0,,,0,Catalyze,gksxm-waaaa-aaaao-aapjq-cai
91c0bd8a8e5239be87b99ffe7e69340692b91ead413e05827c916ccc3778e10c,y2lxf-534hl-yvmog-snruq-upjio-4qc7f-axcvw-t6425-skvsz-cclki-2qe,1,169,170,false,0,,,0,false,0,,,0,true,1,169,170,20,false,0,,,0,Catalyze,gksxm-waaaa-aaaao-aapjq-cai
a659ee1859a2399468413c3d2725a26276569fd8a9ad1a984c6990c014bfd5ba,,1,243,244,false,0,,,0,false,0,,,0,false,0,,,0,false,0,,,0,Catalyze,gksxm-waaaa-aaaao-aapjq-cai
6e4c2073ffa7d3555eb794376f03056f5a14ce347c211d5592b2285c5066b334,mmdh7-daxb2-7hje6-cnhtq-icpze-6ghzf-cf3p3-a246c-gv36l-c42u3-eae,1,173,174,false,0,,,0,false,0,,,0,false,0,,,0,false,0,,,0,Catalyze,gksxm-waaaa-aaaao-aapjq-cai
24d40a7e6ee1e84e3680df3e8f7e938fae3d24c71eb95e231fe91a604aeba475,ec7az-gyza5-sugob-p4zvu-hplnp-exxko-wafxl-zki7p-6gw3p-4c7ir-pqe,1,57,58,false,0,,,0,false,0,,,0,false,0,,,0,true,1,57,58,27,Catalyze,gksxm-waaaa-aaaao-aapjq-cai
3ac8e414983618ff654eae9b4ab00dc964d84621ecee149af28e89956edee30f,,1,36,37,false,0,,,0,false,0,,,0,false,0,,,0,false,0,,,0,Catalyze,gksxm-waaaa-aaaao-aapjq-cai
443c1e72487144e30505eb50f1134ea209bb57cb038f26bee139cf746ed90868,kggp4-6qcso-kh2xs-73szb-yfxw3-4xo6w-hlf33-6r36t-qwqjv-yl7af-kae,1,89,90,false,0,,,0,false,0,,,0,false,0,,,0,false,0,,,0,Catalyze,gksxm-waaaa-aaaao-aapjq-cai
207fcf9946955e89dab32e92314c351f151f7822d0ae886df1b9727dabe31a1f,mloq7-ji5yu-qbnct-5po7y-jtri7-ulbq2-5g2n7-ufhxo-6efrk-wjbj4-iae,1,138,139,false,0,,,0,false,0,,,0,true,1,138,139,18.89999999,false,0,,,0,Catalyze,gksxm-waaaa-aaaao-aapjq-cai
4b314e1341fa94effd6ecc5ca77b56aa281c54552b36c331c86e9b034fb5848a,472n3-ft6fk-ls73h-aia52-znfbm-bthrw-o7w3k-nzffl-oa5bi-kpxww-6qe,1,367,368,false,0,,,0,false,0,,,0,false,0,,,0,false,0,,,0,Catalyze,gksxm-waaaa-aaaao-aapjq-cai
89059bce14e957ceb42e613c9623c53fadc9983bba44cc665d0806d11d0c6122,xcowj-voqsp-3apy4-sdbx3-lmbgp-v63td-hufz2-glyl3-duatf-qkb6c-uqe,1,134,135,false,0,,,0,false,0,,,0,false,0,,,0,false,0,,,0,Catalyze,gksxm-waaaa-aaaao-aapjq-cai
d80bd36baca1a0166e812c0f669ffaa222a7c6b6f2a8e3f5c690bafe251aaf4b,tt7qn-bvglm-j3yqn-thmgf-aibtl-u5ipp-rlpyj-e6i2t-fjckz-vecuw-5ae,1,347,348,false,0,,,0,false,0,,,0,false,0,,,0,false,0,,,0,Catalyze,gksxm-waaaa-aaaao-aapjq-cai
d783c5685b92134eb2b8e435429e12994770429b3c9003b8455ff754f312a7bc,jy4k7-7u5az-3bhwu-umco3-epqvf-7otnr-vjfk4-ir5i3-ovpz2-62aah-3ae,1,271,272,false,0,,,0,false,0,,,0,true,1,271,272,54.5,false,0,,,0,Catalyze,gksxm-waaaa-aaaao-aapjq-cai
fe22b19a59703d8cc50477a0c39cd334ca0f27b20333be04c26c17edbf8a99be,upkwe-6hj6z-hu4c5-e3cp4-dnnkl-srxam-3es7b-ldb6y-opvqn-4bkae-tqe,1,143,144,false,0,,,0,false,0,,,0,false,0,,,0,false,0,,,0,Catalyze,gksxm-waaaa-aaaao-aapjq-cai
3f00a1caed00cd13290ce00af07409782e1e271b9f4db25f690fa9227038b38e,hxur3-6gowe-heuak-6jtjg-j7cm2-7pt3n-wdmsc-nlolq-abrmf-hhxho-uqe,1,354,355,false,0,,,0,false,0,,,0,false,0,,,0,false,0,,,0,Catalyze,gksxm-waaaa-aaaao-aapjq-cai
3b6bef7e562df18c922449f712605d23c2119a62e6132fc7cc2d1bfa44d26ace,biaqk-l25d3-npuvo-5s246-o6doe-f7ewe-lut52-37ai3-5vq26-ze3td-iqe,1,410,411,false,0,,,0,false,0,,,0,false,0,,,0,false,0,,,0,Catalyze,gksxm-waaaa-aaaao-aapjq-cai
a4dee161df2295c48450ff4d2baa94876936ee45effab637c98f5e9f2ed1dfd0,5l32g-g26rf-2d37g-ljvuv-gavdh-peywa-bb3qh-lmgn3-26qtv-cevcb-gae,1,320,321,false,0,,,0,false,0,,,0,false,0,,,0,false,0,,,0,Catalyze,gksxm-waaaa-aaaao-aapjq-cai
efa2b6b8dd8c1ff6d3cab68d575db5775aeba93c1b7874f78b57e0a86cf62b0a,lsywz-sl5vm-m6tct-7fhwt-6gdrw-4uzsg-ibknl-44d6d-a2oyt-c2cxu-7ae,1,62,63,false,0,,,0,false,0,,,0,false,0,,,0,true,1,62,63,299,Catalyze,gksxm-waaaa-aaaao-aapjq-cai
4ccee68e95b8de993cf27d05ac68e1989222e8420f7aca168586012b75ba93c4,,1,378,379,false,0,,,0,false,0,,,0,false,0,,,0,false,0,,,0,Catalyze,gksxm-waaaa-aaaao-aapjq-cai
4743240db87fee6fe5fe0a4e26ae7b434d3e469304b4e3dfea1abc9a6a6c25de,nobpo-26a4v-ugr4a-kczre-bsxba-e3qxj-m2kv5-rpqkj-fciva-xcaaf-iae,1,214,215,false,0,,,0,false,0,,,0,false,0,,,0,false,0,,,0,Catalyze,gksxm-waaaa-aaaao-aapjq-cai
ba8aebd7f1f41769d887d295f3893c80abdff3437e090e5e8da94b9fcffb26fd,z3rkp-pplsq-2dnls-apjud-owbvq-y4ma7-apbft-ftyi3-6mviw-skhsh-4qe,1,20,21,false,0,,,0,false,0,,,0,false,0,,,0,false,0,,,0,Catalyze,gksxm-waaaa-aaaao-aapjq-cai
aff3e13f321dc87c2cb978a79e2ce7d5c888252c1f36d8cd36d34534fa4441c0,u3rvs-xjuvm-agnop-3xicy-qxzeo-q4oit-gl5rz-sz6wk-wz3cb-ij524-3qe,1,39,40,false,0,,,0,false,0,,,0,false,0,,,0,false,0,,,0,Catalyze,gksxm-waaaa-aaaao-aapjq-cai
c4dbce5958aa6474675e913f536559fb69572e2c0de2c40aa7d59af1b24ca0ec,drmbz-exoqo-fswvp-se7e2-uer4b-3i6lu-btigk-imofl-fstty-mzdvw-pae,1,35,36,false,0,,,0,false,0,,,0,false,0,,,0,false,0,,,0,Catalyze,gksxm-waaaa-aaaao-aapjq-cai
13812cf978789b3c45cb790a8a1cd8064ab2c083ccc854bd7d68b1c5f47c7dcc,jmzfm-z32oc-cnx6p-ym7yl-odeeg-ygw6e-fn65p-3afcn-7hsk7-2aejf-qqe,1,249,250,false,0,,,0,false,0,,,0,true,1,249,250,19,false,0,,,0,Catalyze,gksxm-waaaa-aaaao-aapjq-cai
d51727980b5d419e8c68e0eb3a2c2a21cd2724955acba690d23927d99f174b82,4ddgh-kpprp-qq7ra-36m77-caxhr-cbehp-qpyrf-7acli-bmayj-sgbbj-2ae,1,166,167,false,0,,,0,false,0,,,0,false,0,,,0,false,0,,,0,Catalyze,gksxm-waaaa-aaaao-aapjq-cai
f90c151775010bcdb3d7bebe9bfb9b832741b0f9a7bae705144bac6cf583deea,2ksvr-b3rr7-viztw-aico4-raxnt-v7dsg-wqodq-kwxrz-pf3kq-syswn-vae,1,353,354,false,0,,,0,true,2,195;249,196;250,37,false,0,,,0,false,0,,,0,Catalyze,gksxm-waaaa-aaaao-aapjq-cai
1fa69ac8d0325cca23a21947f3dd5bf810899937f06dfa78a7997d7c2adb63c5,5kc5e-oj3un-fuych-cd237-lykts-v2hyx-pjsgy-7di6p-v5t66-ply7c-wqe,1,276,277,false,0,,,0,false,0,,,0,false,0,,,0,false,0,,,0,Catalyze,gksxm-waaaa-aaaao-aapjq-cai
a415b0494801629b1671caae90f265fbb00ce4f8e63cfb2e37fa650a1b2c7ace,36k6p-f2waz-4ao7g-mklrl-4vqzt-5m3aa-cvba7-oloq5-e2rh3-shr5k-cqe,1,265,266,false,0,,,0,false,0,,,0,false,0,,,0,false,0,,,0,Catalyze,gksxm-waaaa-aaaao-aapjq-cai
4f8ffb0bd089d38c835ae3c4f9d06f25dc48e37252e9de63aab929708c023e3c,jhfdb-7ymwx-uscuc-oyofx-7onrj-zodzn-na2q7-rzfov-tscdx-nhobg-4qe,1,42,43,false,0,,,0,false,0,,,0,false,0,,,0,false,0,,,0,Catalyze,gksxm-waaaa-aaaao-aapjq-cai
1c04cfb200f0e84f8a7e40205dc9040fb134f274c6f7e93f8faa0814b051209b,fcvna-4grha-266yl-6irm2-4lg7y-j7djd-7wm6s-gidmh-nwym6-uvv35-jqe,1,186,187,false,0,,,0,false,0,,,0,true,1,186,187,20,false,0,,,0,Catalyze,gksxm-waaaa-aaaao-aapjq-cai
2e533933911598848e8b246d405ec35c0e261215d51057aded8c7fcc8feb5de6,da75w-jugs2-msyl4-axbqa-ikp2t-ynw5z-2fa5s-4aanh-vc7pq-wsx3p-4qe,1,50,51,false,0,,,0,false,0,,,0,false,0,,,0,false,0,,,0,Catalyze,gksxm-waaaa-aaaao-aapjq-cai
77d9bd969cf410ea37060072082cb27f72040387b4d73893523e256d77d9d8b4,itsjd-xk2xq-vkptc-q6fzu-sxbut-vjrc4-d3vvp-fywzx-ukxdj-5gbrm-gae,1,10,11,false,0,,,0,false,0,,,0,false,0,,,0,true,1,10,11,40,Catalyze,gksxm-waaaa-aaaao-aapjq-cai
3d22df83302300e82e8a0fb95a775528facaa55944f9b0f18b40c1a1afce3f1e,6psiz-lgner-ujl2e-6mudg-fwihf-pirjj-ri4it-lu4de-eks4v-q4nuc-nae,1,291,292,false,0,,,0,false,0,,,0,true,1,291,292,45,false,0,,,0,Catalyze,gksxm-waaaa-aaaao-aapjq-cai
65cba732a9daf594b07cbecfb82aca329628e071de78fe9ee75ba31749aa78fe,rhspw-svepc-zr2mg-2hcnl-yxaqq-5bmbc-gv4o2-l72sh-uqvnt-fq55b-lqe,1,90,91,false,0,,,0,false,0,,,0,false,0,,,0,false,0,,,0,Catalyze,gksxm-waaaa-aaaao-aapjq-cai
07393d0fe7547f9dfdda2c879c1490dd81675a3d160f9c4940efecbdcb6c11db,6waub-jkdtz-im6uc-ojink-oojjl-66qqf-jrmgq-tpcpu-ugs2c-u27g5-4ae,1,336,337,false,0,,,0,true,1,349,350,54,false,0,,,0,false,0,,,0,Catalyze,gksxm-waaaa-aaaao-aapjq-cai
1df84d8b4b4654807e23e618fffa12f0c85098fc97f095d6dc4b7d5bdb3d4941,l4iot-zp5qb-6de2s-6utvq-qu3tw-dpebf-avtpo-qc3qz-ucwuo-ug2yw-bae,1,6,7,false,0,,,0,false,0,,,0,false,0,,,0,true,1,6,7,59.9,Catalyze,gksxm-waaaa-aaaao-aapjq-cai
7085f7970aa793cf5eb3a7d41698dd213749130341c3faf96439aa9b8d3e15f9,vlhdg-ae2mz-y2fkh-koagf-pkx5j-yb6yt-sork7-3tme3-uau55-hnlmv-nqe,1,284,285,false,0,,,0,false,0,,,0,false,0,,,0,false,0,,,0,Catalyze,gksxm-waaaa-aaaao-aapjq-cai
6e1db2c9d0bb87b9481c4d4df45127f308aea0f295f97835d1d30cde1aa7aa91,ccnoa-2mp2s-e3g2f-ql57u-stzbh-sboxb-e2d5d-7ofgn-iqp2o-76c6c-pqe,1,182,183,false,0,,,0,false,0,,,0,false,0,,,0,false,0,,,0,Catalyze,gksxm-waaaa-aaaao-aapjq-cai
3c1c4335b26c33cafdca346322a110a65dded91d4a11a00ffc3c277385c28a6c,mnpem-usthx-igzcy-pzal3-jnaor-rxfpm-7jdcs-qtfah-qgdxn-o75p7-dae,1,69,70,false,0,,,0,false,0,,,0,false,0,,,0,false,0,,,0,Catalyze,gksxm-waaaa-aaaao-aapjq-cai
eb4bee9b2782bfedddcb3b9a929882dce4bcb19c21a4cb84fbabd5d613344f57,mzm3g-natdl-p7nzb-gluhy-w7je5-i5rz4-cgkgk-bg7i2-z2kum-4mzny-uae,1,223,224,false,0,,,0,false,0,,,0,false,0,,,0,false,0,,,0,Catalyze,gksxm-waaaa-aaaao-aapjq-cai
9813f568ecf168015e5ba23f84c55f5474454c45b725778d34b56d4ee8841157,4ikvl-tbhag-uskwl-fgbgr-wujne-snrcl-4onrd-ytjyc-2xe6s-2egat-mqe,1,201,202,false,0,,,0,false,0,,,0,false,0,,,0,true,1,201,202,60,Catalyze,gksxm-waaaa-aaaao-aapjq-cai
f4cadb58918c7141e499e260f13957de1924631f700f4b7a54032afccda082f7,ifl6u-xiuqk-e7qgj-gsijj-frsky-fv6lm-fxpkk-q76o3-ahjte-jdd3b-sae,1,96,97,false,0,,,0,false,0,,,0,true,1,96,97,19.39999999,false,0,,,0,Catalyze,gksxm-waaaa-aaaao-aapjq-cai
3339242059519596266b19d586a1c786dfead69b72af44befe8f4e60f333c974,6tyot-2m6qr-z7xm7-gkmew-xmldo-wnmnt-7yry3-alxje-uxxc7-c3bhd-nqe,1,40,41,false,0,,,0,false,0,,,0,false,0,,,0,false,0,,,0,Catalyze,gksxm-waaaa-aaaao-aapjq-cai
9ee5fd3d86c09f6d062997e16dc9a45ea4734056f5b6da2380690eec61bd2891,4zugv-vwljs-xqquc-w26gv-gurl5-z62l4-rejrx-wcorl-v4vfa-dapo6-7qe,1,190,191,false,0,,,0,false,0,,,0,false,0,,,0,false,0,,,0,Catalyze,gksxm-waaaa-aaaao-aapjq-cai
076a6d338b8286f92319a1491a887ac93dbfb1a828d527c8c9b895575be69b78,r4zq5-wjy5j-qb4bp-jl5w5-e5toa-bh32v-wyylb-jtjzh-xt7k2-xxyab-gae,1,34,35,false,0,,,0,false,0,,,0,false,0,,,0,false,0,,,0,Catalyze,gksxm-waaaa-aaaao-aapjq-cai
365380ee947384f5013584782e99a0510b1bd279d7e7ffe222f9a8a4e2adf0ac,kkhkv-uz7or-ljk6g-wd3bo-lddy2-ojlo5-px2co-smoxj-vxtbt-hcvy7-yae,1,416,417,false,0,,,0,true,1,225,226,20,true,1,416,417,77.7,false,0,,,0,Catalyze,gksxm-waaaa-aaaao-aapjq-cai
ff021988dc4d4fc4b8c33c9143b781824453efb21c709854539d62e918e230f7,thlnc-agwop-l2tte-p2lb2-ptg2k-wubou-6ioli-yuj67-tuaj6-t4jgz-oqe,1,392,393,false,0,,,0,false,0,,,0,false,0,,,0,false,0,,,0,Catalyze,gksxm-waaaa-aaaao-aapjq-cai
8958a46aa3598fcab43b5051d852788a0ed8847efa816453e1916c5f9805447c,5me3z-dlhtv-g6q2l-u4lpz-om7mc-wp3nd-uvlzc-ajqmx-aoeqa-wnvbi-sqe,1,408,409,false,0,,,0,false,0,,,0,true,1,408,409,80,false,0,,,0,Catalyze,gksxm-waaaa-aaaao-aapjq-cai
91a1ce2949fdb9f7944fa6e6da6b3fb914ecfdf9d4e24ba34911e4d042c6a076,5t7kf-qvat7-a2rzk-xdacb-h3t5b-q7fm4-ofaon-36yup-veoi5-do6lh-yae,1,123,124,false,0,,,0,false,0,,,0,false,0,,,0,false,0,,,0,Catalyze,gksxm-waaaa-aaaao-aapjq-cai
a9a4abc639d57d6054cd6f382777365ff72248091a27ed5d06e838f8f2627109,eo6n6-bvk7o-hoc6y-d3g72-s3s6p-ircsv-a5aw3-ji7sp-pvo7y-mcvug-7qe,1,54,55,false,0,,,0,false,0,,,0,false,0,,,0,false,0,,,0,Catalyze,gksxm-waaaa-aaaao-aapjq-cai
4b13222cca9dbcc157400ea4b62a41c164e3f404250d32cd32b08e0c768d38aa,thxv5-6gyn2-yxjzd-wdes3-246hd-msl2l-u2bkd-atoao-dpmgq-a5xzo-bae,1,362,363,false,0,,,0,false,0,,,0,false,0,,,0,false,0,,,0,Catalyze,gksxm-waaaa-aaaao-aapjq-cai
9deb2dd30da78dbb0f695a5d6bd4e2d65be806292839df8ac0b171d4e0e79000,aurj3-baefi-z2upg-gmqn3-itr6l-foxnc-f3rc3-dvdci-5qnab-a5xo2-hae,1,270,271,false,0,,,0,false,0,,,0,false,0,,,0,false,0,,,0,Catalyze,gksxm-waaaa-aaaao-aapjq-cai
b3ba2955f76216393d117d1d252407847d75cb5e23ea9eff321b21874d6b4773,u7lvv-n3wuf-xgxc2-dxfki-vtgxv-uwgo6-javbn-zmbfs-wavlb-3xny2-wqe,1,163,164,false,0,,,0,false,0,,,0,true,1,163,164,15.8,false,0,,,0,Catalyze,gksxm-waaaa-aaaao-aapjq-cai
436b3f668cab2b3aeb85b67c27e080d14fd8be541c87af8bd9bb9b71aa1d29d5,4prbs-dj4nf-bx352-gxywt-dhkxg-zrokw-z5ini-nxxau-nd5tw-72mxi-hqe,1,121,122,false,0,,,0,false,0,,,0,false,0,,,0,false,0,,,0,Catalyze,gksxm-waaaa-aaaao-aapjq-cai
c950ce84f076c4273074dc358fda0c02c61c3948bdcbdff23a4aca152b2eef3d,ut5ul-eij6p-oxjq7-je3gj-ctqwd-nlvs3-vqdwd-au3hu-6pqeg-gfkxz-uae,1,29,30,false,0,,,0,false,0,,,0,false,0,,,0,false,0,,,0,Catalyze,gksxm-waaaa-aaaao-aapjq-cai
285febe4e1995fc57e653f8025cffd8199e11701628d655488b7e9b7d340bd1e,yf2au-6mmmx-un4n4-565co-l7s2s-ztena-phahp-vtwlo-ggw5l-ppsqs-nae,1,264,265,false,0,,,0,false,0,,,0,false,0,,,0,false,0,,,0,Catalyze,gksxm-waaaa-aaaao-aapjq-cai
93232290515fe91b5a90c38f4e4f328fc1bfc6c60c8c5b524f539eb17362e30b,,1,106,107,false,0,,,0,false,0,,,0,false,0,,,0,false,0,,,0,Catalyze,gksxm-waaaa-aaaao-aapjq-cai
c267d5994dab538c7ee5e0f45ba9a0d8fe333a79dc43d1060ec7cb03fbf65c07,y3ble-rmmo3-7wykb-nssyn-uifqs-i7ubu-2tuzo-oqcnv-dblbi-gr7hq-2qe,1,88,89,false,0,,,0,false,0,,,0,false,0,,,0,false,0,,,0,Catalyze,gksxm-waaaa-aaaao-aapjq-cai
9bb7a75f54ee900812fc6a154031aa99e392b373522c601ad157c98819f26ed1,ncr3i-zmiei-ncsbg-fwp63-qp4mb-cdlcy-smbe3-c7cqx-2v5gk-v46n2-eae,1,236,237,false,0,,,0,false,0,,,0,false,0,,,0,false,0,,,0,Catalyze,gksxm-waaaa-aaaao-aapjq-cai
76cfa28092416396fd7750eba8cd8f5a466c27ecae0a241050fa50a53f83016d,bd7t4-kdq4g-b7ndv-droxn-77pf6-4i76v-xvhls-zqmz2-zawky-shroo-hae,1,373,374,false,0,,,0,false,0,,,0,false,0,,,0,false,0,,,0,Catalyze,gksxm-waaaa-aaaao-aapjq-cai
65c5f34a3a20d4934272ac64fc48f7791224224c7c0b9166f41b943be8697ad9,4bqww-un3ev-nr7zy-soqhh-mu6jj-5ps2q-mqhqw-d7bhe-o3s2a-z3ykr-7ae,1,279,280,false,0,,,0,true,1,87,88,25,false,0,,,0,false,0,,,0,Catalyze,gksxm-waaaa-aaaao-aapjq-cai
efd7b06d82dfdfde122d3e02a4d7e6f23ecbc94a44ad4f9225cc571066685331,qxe6k-kdtmf-lcxug-uc7md-3sasq-aq3oi-osj2l-lkeh5-csq2t-ea2kr-xae,1,248,249,false,0,,,0,false,0,,,0,false,0,,,0,true,1,248,249,34,Catalyze,gksxm-waaaa-aaaao-aapjq-cai
6644e3a255d8a7d8c29f11374a72543c1543568d8988c2a3f5af5e2afb39fb9a,ix7yp-jpr3u-zjzf6-ey5ue-o2lrf-vg5gy-2w3yv-3vdak-qa75h-4kj2w-pqe,1,55,56,false,0,,,0,false,0,,,0,false,0,,,0,false,0,,,0,Catalyze,gksxm-waaaa-aaaao-aapjq-cai
88904ec05db09ce574c627c2e2f67b7614774da311283e18fff016e959bdd456,kjhtp-zyaux-fdkcf-c7uv2-rpnvh-roic5-xk3hr-jdarc-a6jqp-rpgki-6qe,1,151,152,false,0,,,0,false,0,,,0,false,0,,,0,true,1,151,152,150,Catalyze,gksxm-waaaa-aaaao-aapjq-cai
f73c0af4442c180820b7cd15c310072774a7371ea0d04fb31be73c9784181dba,bpa5h-4xgn5-pgpsi-uips2-samef-w2vo5-zv7aj-tkbkc-6ji36-4w5as-dae,1,48,49,false,0,,,0,false,0,,,0,false,0,,,0,true,1,48,49,40,Catalyze,gksxm-waaaa-aaaao-aapjq-cai
59c9fe7e4312b93a7878bed81e46b86f25d52c6fe30e57a67b867ada3911f402,s6bzd-46mcd-mlbx5-cq2jv-m2mhx-nhj6y-erh6g-y73vq-fnfe6-zax3q-mqe,1,66,67,false,0,,,0,false,0,,,0,false,0,,,0,false,0,,,0,Catalyze,gksxm-waaaa-aaaao-aapjq-cai
453b3c272e23430fef62425fae717fe9848a30f287a27892c31088c25905f148,gjukd-cfqig-t4kqc-czz4r-jh6af-v5qs3-pdpi5-3uqwb-djwos-pr4c4-aqe,1,185,186,false,0,,,0,false,0,,,0,false,0,,,0,true,1,185,186,44,Catalyze,gksxm-waaaa-aaaao-aapjq-cai
89f962ca6871aa82119c193f8cec051c53763f024364ddb4e486c40086697e58,pvuwl-3npdd-pgmoq-eqaii-lhh5m-gvjta-57xr2-rauoe-yzyub-gatcj-zae,1,372,373,false,0,,,0,false,0,,,0,true,1,372,373,48.4,false,0,,,0,Catalyze,gksxm-waaaa-aaaao-aapjq-cai
5594b45287de6a84e2339527db52123d65afc02786e9244c7fb780b79da0274a,5okub-aku2x-fbkmh-rsq2i-q65by-ybtfj-v2pvz-yuc5e-5x6yv-c3zbd-yae,1,16,17,false,0,,,0,false,0,,,0,false,0,,,0,false,0,,,0,Catalyze,gksxm-waaaa-aaaao-aapjq-cai
4761229f192a38af05c4298a2c2592ad5053ceb0ad78cb249a8ee928f5943c91,tmpia-usbyn-hzyo2-ye54q-v2b6r-nvfda-5ktw2-fgwui-pj6fd-rldam-tae,1,332,333,false,0,,,0,false,0,,,0,true,1,332,333,59,false,0,,,0,Catalyze,gksxm-waaaa-aaaao-aapjq-cai
caf1bec8ff7f1d637f8a5fd7afb96e49f16c72cd02da63d6fb29bb40b11fcba9,ldtwf-jgy3p-sj6af-zz2cb-rjf2g-tmgdl-qdlen-3jrr7-y3bfz-dpq2b-pqe,1,262,263,false,0,,,0,false,0,,,0,false,0,,,0,false,0,,,0,Catalyze,gksxm-waaaa-aaaao-aapjq-cai
d213b62fa54352a3032dfdc27a7e6b6f660f1663e6d60a269afe009bad10e975,grcwi-s4w4v-mitqx-wvxv4-xmrke-hy3db-i4y7t-xcouf-nq3cd-es3xk-lqe,1,107,108,false,0,,,0,false,0,,,0,false,0,,,0,false,0,,,0,Catalyze,gksxm-waaaa-aaaao-aapjq-cai
cda27e7cf67394d383227913a7ebd1d7a39357d9d10500c6633c69f450b0f4ce,h5dhi-tmikr-brphf-u6xaz-om4r2-f74i5-d7dki-vzgyr-5re4i-rkwy7-pae,1,161,162,false,0,,,0,true,1,370,371,69,false,0,,,0,true,1,161,162,29.9,Catalyze,gksxm-waaaa-aaaao-aapjq-cai
c60f64546a722dd4c78abb9a8f506a1df2b456927c71757e5bf675240aeb79f4,bzdy6-zxnbs-fphd2-ywvph-hlqwl-b7pi6-c2pdh-l2ye5-4tipj-xq7dk-jqe,1,252,253,false,0,,,0,false,0,,,0,false,0,,,0,true,1,252,253,31,Catalyze,gksxm-waaaa-aaaao-aapjq-cai
b97a3ffff2662f52aafff4908805941b265afd8b9cfb1fdecee8101483269e32,yxebj-7invg-yqrsv-tb67j-uk43e-sqhqh-wxq3p-pmyoo-n6udg-3ujbr-vae,1,1,2,false,0,,,0,false,0,,,0,false,0,,,0,false,0,,,0,Catalyze,gksxm-waaaa-aaaao-aapjq-cai
c991a7886006a1ef23db2251d25013f5ece994ce1ae20b05e2dab31e9f3e2365,wylgg-u46qf-7nsxr-sighy-f2jim-55ojn-7sulq-2sr2w-pgoxz-rkndv-xqe,1,87,88,false,0,,,0,false,0,,,0,true,1,87,88,25,false,0,,,0,Catalyze,gksxm-waaaa-aaaao-aapjq-cai
71e5e40351a1f300f5b1e7ca10f0ae46d9b4558ab40a29a0c28e659f3c75d1af,gyni3-qsyoi-odudq-ob3wt-s66er-ydrzp-i743x-2u4wr-p7xxp-dr33d-cqe,1,18,19,false,0,,,0,false,0,,,0,false,0,,,0,false,0,,,0,Catalyze,gksxm-waaaa-aaaao-aapjq-cai
1f4ed7dc496862e8da117fb592b4f4944275ae75e4e8ac2db141951ce1e59b09,und3y-74kgh-kwzqi-nj5ym-5aia7-5rmnh-4qpsc-7atfq-7fwvl-md4lt-uqe,1,164,165,false,0,,,0,false,0,,,0,false,0,,,0,false,0,,,0,Catalyze,gksxm-waaaa-aaaao-aapjq-cai
2ce68c9a533593c49c64c89507390e7e2e6f60dfcb4f2a199b41b346456d0402,gqvwa-dse77-w3bic-ylixj-aptc7-yy3u6-4eqwx-2tvzr-afccq-ld2ss-pae,1,19,20,false,0,,,0,false,0,,,0,false,0,,,0,false,0,,,0,Catalyze,gksxm-waaaa-aaaao-aapjq-cai
bff306b70683182cc2b3f611a279b935e1f3b2fae2c052dd0678b5789f670176,3jdfv-7a7f7-zk4g6-3hcoq-mk4sf-ukry5-wvxr2-q3pg4-qfdt4-2xmua-4ae,1,245,246,false,0,,,0,false,0,,,0,false,0,,,0,false,0,,,0,Catalyze,gksxm-waaaa-aaaao-aapjq-cai
b47601fffb6952129d143a1ade778dc477004e76617f160a9493b8acb480f981,5ig6x-znoug-ouyxu-xgvpv-iuksn-6jwxu-lu5d5-axnum-agcsr-eunok-rqe,1,180,181,false,0,,,0,false,0,,,0,false,0,,,0,true,1,180,181,26,Catalyze,gksxm-waaaa-aaaao-aapjq-cai
c75115b6314c5a61fac48e656188c43c89a201024e734edeb7acc2d13428cae3,ooj4m-3hp6n-3n47u-xvfmw-eob27-hxrq3-xoynw-pxd26-z65m6-idkal-bqe,1,23,24,false,0,,,0,false,0,,,0,false,0,,,0,false,0,,,0,Catalyze,gksxm-waaaa-aaaao-aapjq-cai
26c2b4306865481c3e29e722771cc361844cb240a78186a9a4e159cca4aa7fdb,,1,406,407,false,0,,,0,false,0,,,0,false,0,,,0,false,0,,,0,Catalyze,gksxm-waaaa-aaaao-aapjq-cai
5bc597acd28eb1ddf02a419f20206e9bf5169059fde41812a632dfd2e5b95d9b,jyxjm-gey43-bzzld-rulee-7gnu3-nrbq2-vf6vf-eiwiy-vnomg-urhkr-eae,1,277,278,false,0,,,0,false,0,,,0,false,0,,,0,false,0,,,0,Catalyze,gksxm-waaaa-aaaao-aapjq-cai
fd957ed2495e0d575c539593de0dea8adfa496da7bbe6be0324bbecb836ac237,lkucl-rjesp-gd55x-pnbs5-tygad-nkdki-txqbd-mcim7-4qyek-35sh4-6ae,1,241,242,false,0,,,0,false,0,,,0,false,0,,,0,false,0,,,0,Catalyze,gksxm-waaaa-aaaao-aapjq-cai
436a55b9ef1edf3e2cae8908f50f13c56825c9336605c42508bdf75200457fb2,kxn7c-x4qrm-jrv2m-a4ock-f5mkn-442tx-zqxwr-r4dzr-rlmvw-d5evt-eqe,1,73,74,false,0,,,0,false,0,,,0,false,0,,,0,false,0,,,0,Catalyze,gksxm-waaaa-aaaao-aapjq-cai
faeedf0643f0ed8b902bfcf4f278f43c8b5d8457371aa927326845c9cc3df766,cmgzx-ucafs-tiuyg-yz36s-nhntl-44wxt-gy7se-6k5m2-fkbid-z4iec-jqe,1,9,10,false,0,,,0,false,0,,,0,true,1,9,10,20.89999999,false,0,,,0,Catalyze,gksxm-waaaa-aaaao-aapjq-cai
79a0401e9c3fbcf1ab42467041d0e0ba5e90e00e06c3525dc62125fad41219c1,vixws-txwyh-deyus-ivesu-7axzp-uk2pd-vv243-fkxai-erbsb-gvx3l-6qe,1,146,147,false,0,,,0,false,0,,,0,true,1,146,147,25,false,0,,,0,Catalyze,gksxm-waaaa-aaaao-aapjq-cai
fa1593d5748f0530cff868937684a03e09660ccedd4ffa3e2268cd20c3a6f272,zm5wj-qyll7-shfbn-ug4t3-cvusa-rco4u-utig4-zlug5-umtzq-3a5mq-vqe,1,175,176,false,0,,,0,false,0,,,0,false,0,,,0,true,1,175,176,35,Catalyze,gksxm-waaaa-aaaao-aapjq-cai
12e08144520424e03bb6866c6221643818c79a4417f76aa7142898938ae4f3cf,3o5zo-ngmcc-momgx-istt3-2hc5u-djexm-i32pl-spcxa-vd3cl-yrusj-uae,1,266,267,false,0,,,0,false,0,,,0,false,0,,,0,false,0,,,0,Catalyze,gksxm-waaaa-aaaao-aapjq-cai
5cdfde49de1721d2ead55929df2c2d8b3361abeea4385f23619ec8867048bb18,nok5w-fxfy6-x7hpj-5timz-fretp-t7v75-pzrw7-h3ukl-jvdip-x7zkr-qae,1,219,220,false,0,,,0,false,0,,,0,false,0,,,0,false,0,,,0,Catalyze,gksxm-waaaa-aaaao-aapjq-cai
64a8a7e504faa935dfba2c9f07fca7512ac8965f8416b96a90cc6a20d7bfef93,vua6w-pbaxp-i67rt-3bzwb-xgvbo-73h7q-gqvjn-4rfda-ldqn4-xkhld-dqe,1,242,243,false,0,,,0,false,0,,,0,false,0,,,0,false,0,,,0,Catalyze,gksxm-waaaa-aaaao-aapjq-cai
e5c8dc40979a1c9f8ccfee1cafeca464e12bae9302d39cc62fafdb0def17ce58,3upwa-6p5pq-uka3n-h7aud-2lres-lykbw-qo3ln-bxgib-wzbmn-drbcx-tae,1,366,367,false,0,,,0,false,0,,,0,false,0,,,0,true,1,366,367,75,Catalyze,gksxm-waaaa-aaaao-aapjq-cai
f4f71f7abbc038a55e96923aa1918a22db46d92b5d1ed1cf093d8e5a4ed78130,p5omz-y525u-vs3yf-ahky3-nddgz-jekcd-vu7cv-smhvx-32myl-alhlt-yae,1,86,87,false,0,,,0,false,0,,,0,false,0,,,0,false,0,,,0,Catalyze,gksxm-waaaa-aaaao-aapjq-cai
b54f34bf38605f66cf625c5544df702d8d52038072edd344c9c13284727d29ef,nmufk-kartr-6ywrm-csdmg-kxnhc-qt2zx-lhflw-lvidq-m77jv-kke5p-bqe,1,227,228,false,0,,,0,false,0,,,0,false,0,,,0,false,0,,,0,Catalyze,gksxm-waaaa-aaaao-aapjq-cai
3e801d879f6df522aaffd10d22727e8547348a1f18dc2996dc0fa5f9093e2abe,2tm35-nwyzm-xhzsq-n6ocu-bdbly-e5vwa-pqgcv-aiqlh-hdyet-q6zvd-fqe,1,208,209,false,0,,,0,false,0,,,0,false,0,,,0,false,0,,,0,Catalyze,gksxm-waaaa-aaaao-aapjq-cai
03a00ff545c8474bfdceb4a81327043b5f7d62ba8dc54c65d1de73b49ab749df,v3a6x-4zmrt-4dpzb-ka2wg-4aspd-sh2uy-ipvwv-daxtj-ls5kl-mthag-mqe,1,293,294,false,0,,,0,false,0,,,0,false,0,,,0,false,0,,,0,Catalyze,gksxm-waaaa-aaaao-aapjq-cai
d35f56631f8c8676e93ea66b82d19d302b36fa5b1ecfdf1888267e39145b5340,mixp6-o4hjt-jkl2i-bk6im-hdpb2-7bvrs-lttbm-u7pbg-ao6jt-2btat-kqe,1,258,259,false,0,,,0,false,0,,,0,false,0,,,0,false,0,,,0,Catalyze,gksxm-waaaa-aaaao-aapjq-cai
71a8266ad04fb8ee29a29c22edd988c2d6d674204db93d82468e21f52d5be0fe,,1,267,268,false,0,,,0,false,0,,,0,false,0,,,0,false,0,,,0,Catalyze,gksxm-waaaa-aaaao-aapjq-cai
d9dea3119fb52182c47b65c4c2217224b8efdb0fc83b8802ecc4d86eb621b36b,c5nut-bv2is-zurwa-6zhky-wyvzj-gecdy-4fusb-a6lvl-yl7kv-pkyzy-sqe,1,155,156,false,0,,,0,false,0,,,0,false,0,,,0,false,0,,,0,Catalyze,gksxm-waaaa-aaaao-aapjq-cai
c1f2ae52d5ba8395fa29c2592c3219aaccb1bb39f7521bb6a064852443172de2,,1,149,150,false,0,,,0,false,0,,,0,false,0,,,0,false,0,,,0,Catalyze,gksxm-waaaa-aaaao-aapjq-cai
4e59691c7ec574fc8e3b573d7e7ff36f3f98a65f4701a28135156edf35e1568d,6pr3l-cwwqq-b4n7n-bm3f4-azpnt-3ju5m-74dzo-svbov-czmbp-zlana-xqe,1,113,114,false,0,,,0,false,0,,,0,false,0,,,0,false,0,,,0,Catalyze,gksxm-waaaa-aaaao-aapjq-cai
500dfdf650d1295623341e2cc7b361325ef903984bdd8ea85def5401d67511ca,,1,307,308,false,0,,,0,false,0,,,0,false,0,,,0,false,0,,,0,Catalyze,gksxm-waaaa-aaaao-aapjq-cai
7e828b5efc07f275a32d65c1404f7c5569e229c184fad3efd32a19b7e51e4d0c,lahdi-qudx6-ko6hv-tje4d-maia2-lqzti-45vas-ex7sq-2ildg-6eey7-mae,1,386,387,false,0,,,0,false,0,,,0,true,1,386,387,99,false,0,,,0,Catalyze,gksxm-waaaa-aaaao-aapjq-cai
d6a8f78c22ee42c733ad9fdad9fecfd7b4ceda3932863d6aafb9aee7860fb429,knejw-wogzh-iowte-bwkdu-5y7he-yn3xk-35ltf-ffgdj-b4r7i-u2afp-aqe,1,142,143,false,0,,,0,false,0,,,0,false,0,,,0,false,0,,,0,Catalyze,gksxm-waaaa-aaaao-aapjq-cai
6ac1657613013c1758a1016787e3d6644804165ce57f714ee0e07bcc04710d87,3ss7g-4ckym-5jd5a-baxx5-3uyk3-do75o-ble6y-6nqfy-vd5pe-7pedw-rae,1,348,349,false,0,,,0,false,0,,,0,false,0,,,0,true,1,348,349,89,Catalyze,gksxm-waaaa-aaaao-aapjq-cai
59c2d99eeee43761850629e5cbc00f897b0bf039f29536aa0f066ddddd858108,ujqmt-nppx7-qgtgi-b7mrk-km7rh-bkdzf-x2k4q-qdblb-26fx7-utuun-lae,1,401,402,false,0,,,0,true,1,311,312,60,true,1,401,402,77.7,false,0,,,0,Catalyze,gksxm-waaaa-aaaao-aapjq-cai
fe45edd8e65dd49ca7f5e5ae97c4e14556f6bb1b6fc8dcf7110dfa1d653a99b0,7tek4-72xal-ultac-vubyk-zlvbi-wm6oi-qsaus-m6q3f-ebejr-sn3l4-5qe,1,220,221,false,0,,,0,false,0,,,0,false,0,,,0,true,1,220,221,32,Catalyze,gksxm-waaaa-aaaao-aapjq-cai
942bcbe024fd7c007c20266b5e0d5b27446e652e96e5b22fd5b5079ed17651a8,kftml-yosny-tjybj-oqeyq-mxqcx-wvv64-i74in-odyrq-ccz57-wtyag-uae,1,337,338,false,0,,,0,false,0,,,0,false,0,,,0,false,0,,,0,Catalyze,gksxm-waaaa-aaaao-aapjq-cai
6b98d4a68d4a14686f8057271e5e3fe902f06be4a42a16d3fe93061fa3259085,hlnm6-qfi74-qvexh-5bpwx-3wx2h-43xxx-tfx7z-zumlo-t4in4-w4iwy-iqe,1,308,309,false,0,,,0,false,0,,,0,false,0,,,0,false,0,,,0,Catalyze,gksxm-waaaa-aaaao-aapjq-cai
9f45b20bdc31eacd79d105301ab4f5477606eba98c740860efd96bf6fa1d19a7,62cqi-2ny5l-f3khj-ctolt-swhr5-s7yox-uet22-jnuub-gdmmj-ohgi4-6qe,1,193,194,false,0,,,0,false,0,,,0,true,1,193,194,23,true,1,193,194,46,Catalyze,gksxm-waaaa-aaaao-aapjq-cai
957776e4fb792c765d5927a366049fd1c2c000d241ee6af44a52d10eb899fd23,cvrwf-qpyns-3fxog-5k4uy-nwads-wycaw-qn3ll-ng5d5-elnnw-2a3qg-uqe,1,30,31,false,0,,,0,false,0,,,0,false,0,,,0,false,0,,,0,Catalyze,gksxm-waaaa-aaaao-aapjq-cai
2e3299b9e56fc28ebc6ac6c1c6be2190db7d4eecf734369c5292a90d09014717,xacwu-okbbj-f7po2-jyaxr-j3hmq-43lkl-cc7uv-6yvi6-tp747-4qqwc-hqe,1,45,46,false,0,,,0,false,0,,,0,false,0,,,0,false,0,,,0,Catalyze,gksxm-waaaa-aaaao-aapjq-cai
f6177c4834330f1b958c165750e90e56960a71e4e8c78682bd9b2723918f1009,po57n-ktrfx-lekag-glmvn-veowu-3aeyc-xdqck-tic64-ocjol-fxfus-zqe,1,94,95,false,0,,,0,false,0,,,0,false,0,,,0,false,0,,,0,Catalyze,gksxm-waaaa-aaaao-aapjq-cai
f10ae2cba16832694b82e3de906cc5f6e3851e4c09e8e135f62f216c71bfe553,skqe3-hdegk-prlc2-yvibh-2mk3l-llwr2-7y3ca-iag6n-zsz6h-srwfi-4qe,1,82,83,false,0,,,0,false,0,,,0,false,0,,,0,false,0,,,0,Catalyze,gksxm-waaaa-aaaao-aapjq-cai
2745e45b091174a0b64721aad5df4a89e8195799869ef681c669389cc539ac87,ntfrl-tzzw2-hbecj-3guif-pbhif-owwhl-qtlym-fcumm-xtjvo-th37s-eqe,1,32,33,false,0,,,0,false,0,,,0,true,1,32,33,15.9,false,0,,,0,Catalyze,gksxm-waaaa-aaaao-aapjq-cai
eaa102c98daa3536854657907e12de6c469d6f2d93320a3d7e90a59bb9d70595,yswhs-2qcpt-bp6sd-6unf6-stez2-jt5oh-qjxnb-chnlt-ais3c-g6alh-nqe,1,15,16,false,0,,,0,false,0,,,0,false,0,,,0,false,0,,,0,Catalyze,gksxm-waaaa-aaaao-aapjq-cai
e75001b78170959550e7943ff987163f9dc164bd88626855abba578befe08fd2,3v5yq-x3gi7-fhv35-uw5tt-tbcao-pm5lx-canb7-nv23x-3qtuf-hy4n5-aae,1,210,211,false,0,,,0,false,0,,,0,false,0,,,0,true,1,210,211,50,Catalyze,gksxm-waaaa-aaaao-aapjq-cai
05d03259d7a1a4be9f927d7360cbea38ce44b81b236fb97427d24ff4f1da62c6,n5fet-aeije-taapp-kcoqp-65l4r-oepai-b7k76-keekj-tml6v-adjqi-mqe,1,21,22,false,0,,,0,false,0,,,0,false,0,,,0,false,0,,,0,Catalyze,gksxm-waaaa-aaaao-aapjq-cai
0135129fc802ef3be292d9b88f487362cfc9460c1363bb5de31d282ffccf9387,fm537-krhck-ea3mf-ebyug-wsfaj-pkrap-h2uxt-hpv7e-hm2q6-2222u-cqe,1,363,364,false,0,,,0,false,0,,,0,false,0,,,0,false,0,,,0,Catalyze,gksxm-waaaa-aaaao-aapjq-cai
8ae2fbac8482c39a330932a10779964b7c686148f91f3f8139e7565dad49e947,vwn2z-f63vl-wm7gd-oeg2p-wdxbb-hdst6-ar3mr-psz53-cr4np-r655y-xae,1,356,357,false,0,,,0,false,0,,,0,false,0,,,0,false,0,,,0,Catalyze,gksxm-waaaa-aaaao-aapjq-cai
36dc780ee196d8abfb1971aeb095bf5a03dfaaa7f32963b49e5ba9f724a5ad37,ca2kz-xwfxp-276mr-tsivm-yorao-vle4p-rbzmg-iiu5x-uyoc3-7mgec-mqe,1,168,169,false,0,,,0,false,0,,,0,false,0,,,0,false,0,,,0,Catalyze,gksxm-waaaa-aaaao-aapjq-cai
1f9ff0738526c23e35949abeb7b6cd339f09d935f4912476ab177ab4f795ba23,asvrx-svv55-yoaka-zhei7-vaw7s-n4vjk-ou6dw-dihhb-qhrp5-p5zg7-dqe,1,59,60,false,0,,,0,false,0,,,0,false,0,,,0,true,1,59,60,47,Catalyze,gksxm-waaaa-aaaao-aapjq-cai
4f8a4f7639aa944bdd84a00008b3a347587e117a8d61f8eec1c64182a1b2af8a,mkaw3-mdp4h-nljq4-hnryk-esr2g-htlyd-mkcnc-5dvds-acj3h-jsio7-eae,1,206,207,false,0,,,0,false,0,,,0,false,0,,,0,false,0,,,0,Catalyze,gksxm-waaaa-aaaao-aapjq-cai
ecc58b0f6e69f5f76311df1f11d8eb127aa7654e383056594e2fa5799312f596,5cdcf-jizzk-5lhrf-4badm-oznlp-sqd6n-2rys2-g7snl-wgraq-aywa4-lqe,1,114,115,false,0,,,0,false,0,,,0,false,0,,,0,false,0,,,0,Catalyze,gksxm-waaaa-aaaao-aapjq-cai
eb4d917589b8a0128ff11cd4520c1aa4f1bf855c440e887e37b6fad831eb5bd6,yg2ms-urkjn-57bzk-rvsu2-bnpwk-pfelo-6sjro-a5aji-bq2q5-3bxkz-dqe,1,234,235,false,0,,,0,false,0,,,0,true,1,234,235,19.89999999,false,0,,,0,Catalyze,gksxm-waaaa-aaaao-aapjq-cai
8ea0ebadfbd0fe4d442956c002ddd8066a17712de0266c8b4593b6907d667156,6nbhc-siv4g-zq2br-4rbtq-l3zza-abz32-qtezo-kgztp-dnq25-uo6nb-kqe,1,187,188,false,0,,,0,false,0,,,0,false,0,,,0,false,0,,,0,Catalyze,gksxm-waaaa-aaaao-aapjq-cai
bf79a6578e34c2f2316923967003e41803266c52c8bb413dbf099b4483b686b2,iumtk-55zwr-y6zi4-azxba-ihyor-tsi3q-bx5gi-noy4h-2e7bm-s4gyt-wae,1,135,136,false,0,,,0,false,0,,,0,false,0,,,0,true,1,135,136,39,Catalyze,gksxm-waaaa-aaaao-aapjq-cai
9bd3d71796296e6e735dc54c47d458a80f71c0eff1019b10ae29495447e2f2b1,ui6kk-b7ugg-u45tu-wxtql-b6j4n-xpqhd-jka7m-qualk-gr2yk-6v6kl-sae,1,325,326,false,0,,,0,false,0,,,0,false,0,,,0,false,0,,,0,Catalyze,gksxm-waaaa-aaaao-aapjq-cai
a02fdf024ecd93fc426bb09db88abd5d93985f3b6022939db0ac76efec3067ad,cvsef-peeaj-lrijo-qipd4-2a6xm-cnfts-m2vj3-jktb6-tah7y-bvewd-6qe,1,300,301,false,0,,,0,false,0,,,0,false,0,,,0,false,0,,,0,Catalyze,gksxm-waaaa-aaaao-aapjq-cai
37e9fbeb14050b3997e94b19b2f73f6068ab6a2b63dcf618f82bb9c8a146dffd,w5yzl-uejje-476wr-tbcve-obu6v-tljzg-arnsd-2azzl-sqedm-6ob5w-mae,1,306,307,false,0,,,0,false,0,,,0,false,0,,,0,false,0,,,0,Catalyze,gksxm-waaaa-aaaao-aapjq-cai
e8c063e2ab1148a95bf415dca60219331990f6459da4591e98d1002fcf640c47,whocn-tbpjx-jgubl-6q45v-gir26-ykspk-vociu-24mep-4zdoe-xkh6j-eae,1,382,383,false,0,,,0,false,0,,,0,false,0,,,0,false,0,,,0,Catalyze,gksxm-waaaa-aaaao-aapjq-cai
8ce3fc01834f0d0850e3bda320cd6988e2553bfaeba2da756e12f73ee3ef65e8,3dvgl-bdabf-awwbx-4bwpo-2liaz-sedit-6ncws-wyfnm-ply2i-kkyrb-mae,1,322,323,false,0,,,0,false,0,,,0,false,0,,,0,false,0,,,0,Catalyze,gksxm-waaaa-aaaao-aapjq-cai
4b38ef37df2842eb354241428570725ad394c5cbce3f53bc150aa5845cad7578,6oaj2-optt3-lf2xi-tpc4m-hm2pr-vkdx3-o5zph-wpthr-sxquz-3z7o4-zqe,1,233,234,false,0,,,0,false,0,,,0,false,0,,,0,false,0,,,0,Catalyze,gksxm-waaaa-aaaao-aapjq-cai
33a5f1dafb41e8a2f4d01e3dc50f7edaad218bcb3c2ea6567836181d8c513360,,1,68,69,false,0,,,0,false,0,,,0,false,0,,,0,false,0,,,0,Catalyze,gksxm-waaaa-aaaao-aapjq-cai
5cbaaabe251f68b86989040942edeeddaad3fa411b0ca9c528f3e68229654941,3frou-szdjl-arvw3-4lfrg-izya2-gzppv-qndnp-3qkd5-kzv2h-lcwud-iqe,1,315,316,false,0,,,0,true,1,168,169,22,false,0,,,0,false,0,,,0,Catalyze,gksxm-waaaa-aaaao-aapjq-cai
25e10a04daddc5918e3df4ed46c5d1f9c554fc0b714d2842b81306f4ec9e7828,mlvdq-eg2nv-zsiyw-gc5yk-mvwsn-wd3m6-a2d2i-tf2lf-xbpvu-yhfzb-sqe,1,351,352,false,0,,,0,false,0,,,0,false,0,,,0,false,0,,,0,Catalyze,gksxm-waaaa-aaaao-aapjq-cai
729fd3ac198f98cab2910a250b7a2b901ccd6767f0c8ad0f3e383303fc80b5fe,opcin-3piod-o7tpk-3k4st-i2sve-zlxge-4zdur-f4hur-omrdg-r66ew-eqe,1,263,264,false,0,,,0,false,0,,,0,false,0,,,0,false,0,,,0,Catalyze,gksxm-waaaa-aaaao-aapjq-cai
05633f9295d02e291a00dc63754766aaad52c8ce68ed8309ec7b566921198893,imszf-yw4dc-fkcsj-mssax-c7tqs-5byhs-cogzw-3ph4b-mc5lh-orq72-eae,1,3,4,false,0,,,0,false,0,,,0,true,1,3,4,23.5,false,0,,,0,Catalyze,gksxm-waaaa-aaaao-aapjq-cai
464fd387a406f318781c40a3e9733aed61780f0d2dc1f9ae5c4c8e7967df7998,6ava5-ehyo4-4766p-ikn5v-kjndn-olaox-saprq-e4qur-unc46-mjhyg-aae,1,285,286,false,0,,,0,false,0,,,0,false,0,,,0,false,0,,,0,Catalyze,gksxm-waaaa-aaaao-aapjq-cai
b5e3dc1b2cb8a75bcaa9b160286f56e7b31b5805c083cc6042412f9e80cb9e19,2ge72-dlvtp-4ie3x-ic2ju-7oe4v-6pzuj-foeop-xdtuv-3hyfo-beqpq-7ae,1,133,134,false,0,,,0,true,1,386,387,99,true,2,386;133,387;134,104.5,false,0,,,0,Catalyze,gksxm-waaaa-aaaao-aapjq-cai
a781539b7f9ed19ee31fe528387c15d3dd2dcdfde24397f1d91285c58dd6e2c8,fbihm-lfziq-afsz2-z2lwh-2ebtk-h3wfw-eo7cq-4avxx-bvlm5-k2gtz-dqe,1,230,231,false,0,,,0,false,0,,,0,false,0,,,0,false,0,,,0,Catalyze,gksxm-waaaa-aaaao-aapjq-cai
fcb8b3cfbc89e4a7fc11f7a4fe57c211cfc86f6ba310ca733e388e451b68158a,fe37d-5o4np-ztosq-pcwy2-ki5aw-cxyhk-owdaq-7uuqb-yzg72-gkxfm-dqe,1,390,391,false,0,,,0,false,0,,,0,false,0,,,0,false,0,,,0,Catalyze,gksxm-waaaa-aaaao-aapjq-cai
6dbbac9067218f60a9648b39b39626893a8b0806e007f01b41f804afa1491b9c,yb46e-urmqv-6zbfx-5mgvd-2564e-rjmzo-gofts-dtswz-giqxp-emztt-iae,1,415,416,false,0,,,0,false,0,,,0,false,0,,,0,false,0,,,0,Catalyze,gksxm-waaaa-aaaao-aapjq-cai
7b2d4389bc503021aed81af28668781b13f24872a80dfb8c2b9ca3d74f31e3b8,qceao-snkv4-gacgp-mw4fq-dhrha-wov4f-fxqau-olbey-yqduh-x6sfj-7ae,1,269,270,false,0,,,0,false,0,,,0,false,0,,,0,false,0,,,0,Catalyze,gksxm-waaaa-aaaao-aapjq-cai
ee4ef3527d277b0a3e7e1c0ec4cfc8e3cf0b8a1856a12f75f4b5796078491e9c,ju4us-27v7w-ehzbk-hoy3g-y5wvc-xacgm-pobx3-rrnwq-am73y-fzyze-kae,1,181,182,false,0,,,0,false,0,,,0,false,0,,,0,false,0,,,0,Catalyze,gksxm-waaaa-aaaao-aapjq-cai
776ef79e158c5a61d263a05d13b033ee31946a4cb99dd04d1b9ce75c41d80c5d,7wy4z-od6mm-c2z5q-dtsoc-35ddi-6uest-3ytks-xwyjw-qonev-w3v4r-lqe,1,178,179,false,0,,,0,false,0,,,0,false,0,,,0,false,0,,,0,Catalyze,gksxm-waaaa-aaaao-aapjq-cai
1834b012bf5a5d64b724e3fc312d71ff95131143c382f8562fb8db6397a4c97f,3ujmy-jo34f-ul7vh-yt6sx-yhbxi-thkw7-h7r3n-ykiou-2hw6k-h7kwi-kqe,1,117,118,false,0,,,0,false,0,,,0,false,0,,,0,false,0,,,0,Catalyze,gksxm-waaaa-aaaao-aapjq-cai
085acf8bed1242c30ab256ba299dea1bc7450461d585dab84a991b2f1dc45ff7,zb3ar-zmep3-cythq-zqdgi-xgtmh-qeowu-ec76m-rwk6z-bpamb-obd2r-rqe,1,126,127,false,0,,,0,false,0,,,0,false,0,,,0,false,0,,,0,Catalyze,gksxm-waaaa-aaaao-aapjq-cai
8b5965ade4481f65323d495f693148f7ae27d48ea3d620f2a244be42b6f6415d,2vnsi-3simz-yln5p-qykp3-erury-oqvmn-46kn6-fa767-puoaw-r2hhm-yae,1,287,288,false,0,,,0,false,0,,,0,false,0,,,0,false,0,,,0,Catalyze,gksxm-waaaa-aaaao-aapjq-cai
bd2d8f36f0693c196464d384d4a9a425176b5767d1191d562efc224ea31a97a7,yk6km-ek2qu-unwfe-mipra-5h354-a24qt-fe6li-xv5z5-3vtuw-mnlmi-tae,1,118,119,false,0,,,0,false,0,,,0,false,0,,,0,false,0,,,0,Catalyze,gksxm-waaaa-aaaao-aapjq-cai
d8c6fc10cca8b0aa65d16debddc862ff0b1a85daf270fb604b33d029d81ab795,hbfmd-2ioos-z65p6-mww3k-ldnnt-r7srm-b2ewb-sykip-b3lbf-gdrgl-bqe,1,310,311,false,0,,,0,false,0,,,0,false,0,,,0,true,1,310,311,64.1234,Catalyze,gksxm-waaaa-aaaao-aapjq-cai
3cbe27a23b674e3318556e8c619f3e9cbf76ec156e52a3a3158eca19d1ec7fd3,whxvb-3ly7d-jg67c-ehjum-4ognu-az4g3-tm7pi-fmzqs-ilryd-f33z5-fqe,1,26,27,false,0,,,0,false,0,,,0,false,0,,,0,false,0,,,0,Catalyze,gksxm-waaaa-aaaao-aapjq-cai
6d374eeae46a5264a62c485172ce2654259f5385e7d8e203246a48170a0e8dea,rr4py-yh7fi-hf445-zg36j-p23ly-kur2c-akkec-3petw-fliqd-migkz-aqe,1,359,360,false,0,,,0,false,0,,,0,false,0,,,0,false,0,,,0,Catalyze,gksxm-waaaa-aaaao-aapjq-cai
0e0d77a5c50cf0f767567e28a10a4ad80f726ea961c37aedfa801a75085dacac,vl3zf-tzljf-qlui3-7gy77-wgbuj-okbta-tylyg-wuvie-igwfm-74gyh-fae,1,61,62,false,0,,,0,false,0,,,0,false,0,,,0,false,0,,,0,Catalyze,gksxm-waaaa-aaaao-aapjq-cai
f6b6ed7dbc9fc6708b95e33c73dda52435657ea7b72cdbef50d6514e17f03262,olaq3-wua6p-5232e-bkyey-vencd-hny5o-h4xjh-d6jq4-htoll-pd5nr-tae,1,251,252,false,0,,,0,false,0,,,0,false,0,,,0,false,0,,,0,Catalyze,gksxm-waaaa-aaaao-aapjq-cai
c3125b8208a46cc054831119386d71345f97e2f850b466a233422862b3d2dd62,7udxl-tz7q2-4hkwe-ocsbv-55eno-5xltk-6vyoa-bbxda-25krs-gahk5-pqe,1,290,291,false,0,,,0,false,0,,,0,false,0,,,0,false,0,,,0,Catalyze,gksxm-waaaa-aaaao-aapjq-cai
d7ed67ecf402312d8751b0e4f8e4e2dd973bdd09e9967a404528bdaad862ba1e,4p77x-ixq33-wweq4-xhfbp-nvoaf-tfgh3-vn2xg-rvlz5-unfqn-ze7hv-7qe,1,174,175,false,0,,,0,false,0,,,0,true,1,174,175,33,false,0,,,0,Catalyze,gksxm-waaaa-aaaao-aapjq-cai
9789252b46b1f073e6eb24c9543984a83d84506ac8c1785e14ee7581fc6d5928,l4naz-lg6mw-3ekel-66vqy-rvsjm-ty2ta-6j457-mtp27-pvy7z-suw4s-oqe,1,22,23,false,0,,,0,false,0,,,0,false,0,,,0,false,0,,,0,Catalyze,gksxm-waaaa-aaaao-aapjq-cai
e57d303ec25d50641c79393d5f1cb399047b37ddf84020be045167820e7c62a6,ufuje-uxym4-whu3g-acmds-lclcn-znvzn-iiiqs-ws4te-knslz-jhwqu-bae,1,188,189,false,0,,,0,false,0,,,0,false,0,,,0,false,0,,,0,Catalyze,gksxm-waaaa-aaaao-aapjq-cai
68134373bed8f81703485987e20a5f87fa5f9e5a1eb1436f905a1bf34e893dcf,luage-kkeoa-txjpb-3od2n-6j2to-pltdi-asjyx-bgjzu-jqciw-n47b3-rae,1,292,293,false,0,,,0,false,0,,,0,false,0,,,0,false,0,,,0,Catalyze,gksxm-waaaa-aaaao-aapjq-cai
33ee70640e1786d112b1e170e85bc4e02a1fc056c11faec6a4ba30a6d76ab9b8,ejkx5-awuog-ivr2z-gonai-o7v66-yp2kx-uymah-ydz2i-7u7qh-oty3q-kae,1,352,353,false,0,,,0,false,0,,,0,false,0,,,0,false,0,,,0,Catalyze,gksxm-waaaa-aaaao-aapjq-cai
4d8119f4b9e5ea3431886a76b2538e47f3568c52b5cf75d4eb2f9e24e265ff5a,y45l5-6bfem-xuh46-rj5di-ezv3m-rue5p-r5feg-jvj3g-k4bbh-4amh4-3ae,1,154,155,false,0,,,0,false,0,,,0,false,0,,,0,false,0,,,0,Catalyze,gksxm-waaaa-aaaao-aapjq-cai
f7a07a08980978dc2170ca5c73bb275169af64249250b3d19554f55b2c71c493,q2s6w-descs-6cur2-ryoxs-5kjfy-73m7v-jy3mg-p25gu-lejci-ndz2a-qae,1,419,420,false,0,,,0,false,0,,,0,false,0,,,0,false,0,,,0,Catalyze,gksxm-waaaa-aaaao-aapjq-cai
7ab39140aa67d33a10fdb15e03a9c4e388a65842f7d34873345e03283f918005,vzxbf-njzzg-sdjdp-tmgkr-3ckvc-fiwvs-j7bjm-oc6fi-efjze-4z4kg-tqe,1,99,100,false,0,,,0,false,0,,,0,false,0,,,0,false,0,,,0,Catalyze,gksxm-waaaa-aaaao-aapjq-cai
2e6bc5ebd7769f325ad06c4aa377607017918ace03c36e28b4bf40472949f9d5,bykmj-b4z7v-327oc-mnyvf-hh3yl-3x2kf-kghp6-klwxu-ge6bx-rcbof-dae,1,27,28,false,0,,,0,false,0,,,0,false,0,,,0,true,1,27,28,50,Catalyze,gksxm-waaaa-aaaao-aapjq-cai
f771bff3e411c13f5fad663330f0f6ca63e72f945fd879d74fb860c84835a00c,2qib4-aumes-zm7b5-zyrsf-2cvk3-blrww-lpfzc-s7alt-4ukkf-ofmuq-tqe,1,49,50,false,0,,,0,false,0,,,0,false,0,,,0,false,0,,,0,Catalyze,gksxm-waaaa-aaaao-aapjq-cai
9257ee2734c26436bdddd7d082d67d524987acf891d0ed3e222e561c91aaa7c2,jp2of-ca325-isrtl-nzde2-e62uf-dv5fj-5e4p5-hdaug-56l6i-tyis4-bqe,1,56,57,false,0,,,0,false,0,,,0,false,0,,,0,false,0,,,0,Catalyze,gksxm-waaaa-aaaao-aapjq-cai
beb23b0a9151a401b45bbaff31d354cc21a71f0ab297eefa230f718d4173f67f,ukxqb-3vp2h-v4ili-ly7yx-hpf6z-fy4no-fmb4g-34bub-exhc5-mhy5u-uqe,1,417,418,false,0,,,0,false,0,,,0,false,0,,,0,false,0,,,0,Catalyze,gksxm-waaaa-aaaao-aapjq-cai
b310a8865af2d2953ad35b7aa96355f4516a25e9da7911c0c60ff4ce72a41e4a,rs2j3-p6zkk-hajim-ugvqg-o46i7-3w3up-apojd-h3jz2-yd4kq-cea7m-pae,1,296,297,false,0,,,0,true,1,282,283,70,false,0,,,0,true,1,296,297,70,Catalyze,gksxm-waaaa-aaaao-aapjq-cai
e4f724cf18283c165c3f474e56dc066c7c453902812c0436c66e08e4966217e0,2xx3k-n6ws4-ahguk-ryyes-6bjp3-e4tio-o44ar-2vkgm-flhnp-gxohl-5ae,1,203,204,false,0,,,0,false,0,,,0,false,0,,,0,false,0,,,0,Catalyze,gksxm-waaaa-aaaao-aapjq-cai
f3cef87348635d8fc838d51508452656e692d33589bed19e87464adf55a1e8ae,j3ewb-7lkdb-5rq62-pyaq3-kuai5-4ivwd-elwu6-oumor-ujrc7-6imyl-3qe,1,197,198,false,0,,,0,false,0,,,0,false,0,,,0,false,0,,,0,Catalyze,gksxm-waaaa-aaaao-aapjq-cai
5102ea0eb3c6896cae76823d55d54a15f807a56476876090590b6a2a7e2676f0,qict6-6tegy-urrmj-g2qym-xwg3x-7qqpv-tiuda-dso6e-4ogv2-azsif-6qe,1,196,197,false,0,,,0,false,0,,,0,false,0,,,0,false,0,,,0,Catalyze,gksxm-waaaa-aaaao-aapjq-cai
76f93e57c92463b1267a4c5ba6c0b51c257d11dab74edaf4d7a2b66218be2f48,liykr-e3k6p-5f44j-w7fw3-oyj6z-55p4u-s5in7-aa637-zf5d6-zkpms-pae,1,281,282,false,0,,,0,false,0,,,0,false,0,,,0,false,0,,,0,Catalyze,gksxm-waaaa-aaaao-aapjq-cai
8118161c2d27d73254a0af516e5628a3ad88e1005947e5ecebab602c04392cf0,trirw-cno6d-plbmc-pf72x-v3xmr-h3d4y-vp2mg-noaxq-3vqqg-a3emb-oae,1,183,184,false,0,,,0,false,0,,,0,false,0,,,0,false,0,,,0,Catalyze,gksxm-waaaa-aaaao-aapjq-cai
0d99fc8adcd9c8db74ac7a90dd2e97e0c5c3020a019d050be52bc2a720453722,ekayc-tfkzf-a6del-i6rqj-6yjlf-uelxr-b2vfq-brott-a7ntw-otnff-fqe,1,294,295,false,0,,,0,false,0,,,0,false,0,,,0,false,0,,,0,Catalyze,gksxm-waaaa-aaaao-aapjq-cai
8488106ba7d8a1c7a5594b69b43580a0c2afd9b158693e10da4cbf9147bc0440,gj3h2-k3kw2-ciszt-6zylp-azl7o-mvg5j-eudtf-fpejf-mx2rd-ifsul-dqe,1,41,42,false,0,,,0,false,0,,,0,false,0,,,0,false,0,,,0,Catalyze,gksxm-waaaa-aaaao-aapjq-cai
ac2bb26e7cf89589ef83bee4aa567523bc0cfdeb0cb9e5221ff17602a120d7c2,magnq-2qe6l-hckz3-leltq-ygh3p-62fpn-qa3ad-nhuuu-vp2b5-qpabx-tqe,1,275,276,false,0,,,0,false,0,,,0,false,0,,,0,false,0,,,0,Catalyze,gksxm-waaaa-aaaao-aapjq-cai
a2612d8ac23b8eb70c5a8f9bf11e41ad752b1a017d61ff8dc3b08a98434c2b08,srnqx-pa3k6-dxwym-3r5nj-se7a5-32s44-7s75q-ncxsj-vzxtq-7gc36-pqe,1,95,96,false,0,,,0,false,0,,,0,false,0,,,0,false,0,,,0,Catalyze,gksxm-waaaa-aaaao-aapjq-cai
67f27d978026fc33d9eab0057f17026f5ef7cfb2e177acfc39fe5f8d03b6fb23,,1,53,54,false,0,,,0,false,0,,,0,false,0,,,0,false,0,,,0,Catalyze,gksxm-waaaa-aaaao-aapjq-cai
b7be2e4ac90a4b3d1e22baf4e61c39e186c5c4a85cd66e8d9278e234a80ca137,4ngxr-uje5g-afzmw-oargn-jvzhd-i4xul-sdt2c-m7dbt-lqb2n-ebnvg-xae,1,38,39,false,0,,,0,false,0,,,0,false,0,,,0,false,0,,,0,Catalyze,gksxm-waaaa-aaaao-aapjq-cai
fb80aed2d433a5708bf350d106764819a49fe66f0892fa1f3d33dcc8f86748b7,uxenk-al75z-dx2vw-crdv6-pol4u-hwnwn-bntye-odi25-uo2yb-36vs6-mae,1,28,29,false,0,,,0,false,0,,,0,false,0,,,0,false,0,,,0,Catalyze,gksxm-waaaa-aaaao-aapjq-cai
1a1ec2c7fa352c4498abc335b8fd92fdccb1b5950cde740eacfc257fb07713f1,cv4s6-6zfm3-znli7-uijzc-jd2dk-b5p3d-nxy4x-2egvn-teecb-keobl-fae,1,377,378,false,0,,,0,false,0,,,0,false,0,,,0,false,0,,,0,Catalyze,gksxm-waaaa-aaaao-aapjq-cai
d9344ec1f9e878ad98f9c99a42b79297e2d3f5f851a723f4337bed8eddf9f18a,t6joq-iehru-k65cb-reul4-ugh3f-rpwf7-rhkng-tvkvy-wkebs-2ygmi-aqe,1,211,212,false,0,,,0,false,0,,,0,true,1,211,212,20.8,false,0,,,0,Catalyze,gksxm-waaaa-aaaao-aapjq-cai
1b07d6d3410a112aa78be3d2279255783e2018b7dd75cdf1c9d834067a9ee214,kbjpv-pefcs-rf652-g4uhq-mlm3b-bjct7-v5ffj-le4df-4476i-e5yei-nae,1,131,132,false,0,,,0,false,0,,,0,false,0,,,0,false,0,,,0,Catalyze,gksxm-waaaa-aaaao-aapjq-cai
2d94cb2b4807abefafd18fff9734ba80c58a53de354a47ff5c952ff60f11ee21,,1,105,106,false,0,,,0,false,0,,,0,true,1,105,106,25,false,0,,,0,Catalyze,gksxm-waaaa-aaaao-aapjq-cai
4f9a3acdcbd68adba85a0b299367c9d76029fff6ccd05cd9a74c7066b7ab601a,3prrs-invzp-tjsbz-wc74f-quwuu-sqwun-erref-yfwbe-yaohn-latxb-cqe,1,224,225,false,0,,,0,false,0,,,0,false,0,,,0,false,0,,,0,Catalyze,gksxm-waaaa-aaaao-aapjq-cai
7688d27a065b31f318e03d8a45e0c22edd4a1eecfd5c02b15ed768e00b13a5b8,vgaay-wzw36-rqvcc-o6lkq-35pkd-uutke-vec55-bfwox-t5iy5-ugvf7-rae,1,109,110,false,0,,,0,true,1,103,104,17.8,false,0,,,0,false,0,,,0,Catalyze,gksxm-waaaa-aaaao-aapjq-cai
a2457c6056d20ceb73e118ebe68ac98da3a179f13c68dfaf73676211c11565c6,kpnef-dfovl-ck2hc-bjkdo-khpjq-wdehb-fn2yj-m7zmq-bu5nx-lhfzq-hae,1,170,171,false,0,,,0,false,0,,,0,false,0,,,0,false,0,,,0,Catalyze,gksxm-waaaa-aaaao-aapjq-cai
5f338ac62bfe819d5538cd707c8bf9dee1cf6acd3cca0672be83bfe65099d3e0,,1,228,229,false,0,,,0,false,0,,,0,false,0,,,0,false,0,,,0,Catalyze,gksxm-waaaa-aaaao-aapjq-cai
2e24bb446b95ccf6c8ab48fc55534c2dae689d5886c69ea79e4481f0101c8a27,4srlu-s654x-tfeym-vliug-sbuuh-e72ii-xgjqg-3vplb-65bsl-4dect-5ae,1,239,240,false,0,,,0,false,0,,,0,false,0,,,0,false,0,,,0,Catalyze,gksxm-waaaa-aaaao-aapjq-cai
a1cf99f71832873a795015105db8b28ad87988997fa7b652a52f35b232bb8536,e2632-lbimj-f4vno-7vr6u-lchaa-gzzjo-ngwgl-7hi3m-kkj6y-aktog-yae,1,77,78,false,0,,,0,false,0,,,0,false,0,,,0,false,0,,,0,Catalyze,gksxm-waaaa-aaaao-aapjq-cai
71988b54973c3687840db817ebc6c27e3b6dd7721422d17d0437a191c45672ca,4p5di-nhgsk-vlksq-k2xnd-hc6i3-g6uxn-ddf2s-5jrdo-dwsse-74czh-jqe,1,221,222,false,0,,,0,false,0,,,0,false,0,,,0,false,0,,,0,Catalyze,gksxm-waaaa-aaaao-aapjq-cai
22a59cbf2fcd17cbd0f0e88a57f113905fb31c8c9600923eca9fcb9c649b3578,vqjkh-pa4mz-kfoga-kjhj6-qfkxl-bnsvm-g323r-qxcty-zsxya-onk5i-zae,1,108,109,false,0,,,0,false,0,,,0,false,0,,,0,false,0,,,0,Catalyze,gksxm-waaaa-aaaao-aapjq-cai
7426eb41ce63886ef16cd02f0600e83311f42f60ee785311ef1d535c56f73c8d,hmnzv-jvd6o-fxbsf-usmr7-qq5cz-bc4n4-mu6gc-7kvmd-jp463-pefgl-cae,1,350,351,false,0,,,0,false,0,,,0,false,0,,,0,false,0,,,0,Catalyze,gksxm-waaaa-aaaao-aapjq-cai
cbed905a0c8d35393d795861827025a5b41e6a230a97701991124458139e2bf4,,1,253,254,false,0,,,0,false,0,,,0,false,0,,,0,false,0,,,0,Catalyze,gksxm-waaaa-aaaao-aapjq-cai
742c05e5d88fe44858c2ff6383f5ac8c19660ccafe54f01361b504254daa7197,iq6ab-fsuad-6lmbp-z6vaq-xwcxt-g7h2r-yjqpn-pvgyq-xki3s-v3bdw-5ae,1,80,81,false,0,,,0,false,0,,,0,false,0,,,0,false,0,,,0,Catalyze,gksxm-waaaa-aaaao-aapjq-cai
49871ecd7fea93434ccd123d6b369880531f7d3222f707ae5ded9b91f78d785a,,1,67,68,false,0,,,0,false,0,,,0,false,0,,,0,false,0,,,0,Catalyze,gksxm-waaaa-aaaao-aapjq-cai